id,company,title,season,season_inferred,seasons,program,remote,category,location,sponsorship,h1b_approvals,salary,skills,posted_at,posted_at_source,first_seen_at,url
ashby:harvey:4d8dc9ba-eb86-4d88-af7d-65d2fdaf3fdc,Harvey,"Software Engineer, New Grad (2027)",Class of 2027,False,,New Grad,,Software,New York,unknown,,$165K – $181.5K • Offers Equity • Offers Bonus,Python; Java; TypeScript; JavaScript; LLMs,2026-10-02T19:13:48.998+00:00,exact,2026-10-02T20:52:39Z,https://jobs.ashbyhq.com/harvey/4d8dc9ba-eb86-4d88-af7d-65d2fdaf3fdc
greenhouse:opploans:8011770003,Opploans,Software Engineer I,Not stated,True,,New Grad,,Software,United States,unknown,,,Java; AWS; Kubernetes; Docker; Terraform; Git; PostgreSQL,2026-10-02T16:37:12-04:00,exact,2026-10-04T17:39:56Z,https://job-boards.greenhouse.io/opploans/jobs/8011770003
greenhouse:terraclear:6216392004,Terraclear,Jr Software Development / Tech Support Engineer,Not stated,True,,Junior / Associate,,Software,"Hybrid - Issaquah, WA, USA",unknown,,,TypeScript; LLMs; React; Angular; AWS; Linux; Git; PostgreSQL,2026-10-02T19:33:54-04:00,exact,2026-10-04T17:39:56Z,https://job-boards.greenhouse.io/terraclear/jobs/6216392004
smartrecruiters:ServiceNow:744000153279380,ServiceNow,"Software Engineer, Core Infrastructure - Moveworks (New Grad)",Not stated,True,,New Grad,,Software,"Mountain View, California, United States",unknown,849,,Python; Java; C++; Kafka,2026-10-02T22:41:42.731Z,exact,2026-10-03T00:35:01Z,https://jobs.smartrecruiters.com/ServiceNow/744000153279380
workday:caci:/job/Houston-TX-US/Early-Career-NASA-Space-Reactor---1-Freedom-Flight-Software-Development-Engineer_333050,CACI,Early Career NASA Space Reactor – 1 Freedom Flight Software Development Engineer,Not stated,True,,Early Career,,Software,"Houston, TX, US",citizens-only,,,Python; Linux; Git,2026-10-02T00:00:00Z,date_only,2026-10-02T20:52:39Z,https://caci.wd1.myworkdayjobs.com/external/job/Houston-TX-US/Early-Career-NASA-Space-Reactor---1-Freedom-Flight-Software-Development-Engineer_333050
workday:calistacorp:/job/Huntsville-AL/Cybersecurity-Analyst-I_JR109965-1,Calistacorp,Cybersecurity Analyst I,Not stated,True,,New Grad,,Security,"Huntsville, AL",unknown,,,,2026-10-02T00:00:00Z,date_only,2026-10-02T20:52:39Z,https://calistacorp.wd1.myworkdayjobs.com/yulista/job/Huntsville-AL/Cybersecurity-Analyst-I_JR109965-1
workday:pimacounty:/job/Tucson-AZ/Data-Engineer-I---Information-Technology_JR104589,Pima County,Data Engineer I - Information Technology,Not stated,True,,New Grad,,Data & ML/AI,"Tucson, AZ",no-sponsorship,,$65.457k–$78.54k/yr,SQL; Git; Snowflake,2026-10-02T00:00:00Z,date_only,2026-10-02T15:55:20Z,https://pimacounty.wd5.myworkdayjobs.com/pimacareers/job/Tucson-AZ/Data-Engineer-I---Information-Technology_JR104589
workday:teladoc:/job/USA---Any-Location-Remote/Junior-Software-Engineering-Program---Associate-Engineer_JR21085,Teladoc,Junior Software Engineering Program - Associate Engineer,Not stated,True,,Junior / Associate,yes,Software,USA - Any Location (Remote),no-sponsorship,,,Git,2026-10-02T00:00:00Z,date_only,2026-10-04T17:39:56Z,https://teladoc.wd503.myworkdayjobs.com/teladochealth_is_hiring/job/USA---Any-Location-Remote/Junior-Software-Engineering-Program---Associate-Engineer_JR21085
ashby:claylabs:16778e12-31cb-4ca1-a321-7f629a7cf273,Clay,Early Career Software Engineer,Not stated,True,,Early Career,,Software,New York,unknown,,,Python; TypeScript; LLMs; React; Node.js; HTML/CSS; AWS; Terraform,2026-10-01T12:40:29.510+00:00,exact,2026-10-01T18:35:45Z,https://jobs.ashbyhq.com/claylabs/16778e12-31cb-4ca1-a321-7f629a7cf273
greenhouse:pinterest:7838591,Pinterest,University Grad Software Engineer 2027 (USA),Class of 2027,False,,New Grad,yes,Software,"San Francisco, CA, US; Remote, US",unknown,343,,Python; Java; C++; TypeScript; JavaScript; React,2026-10-01T13:03:43-04:00,exact,2026-10-01T18:35:45Z,https://www.pinterestcareers.com/jobs/?gh_jid=7838591
greenhouse:pinterest:8140219,Pinterest,Master's University Grad Machine Learning Engineer 2027 (USA),Class of 2027,False,,New Grad,,Data & ML/AI,"San Francisco, CA, US; Palo Alto, CA, US; Seattle, WA, US; New York, NY, US",unknown,343,,Python; Java; C++; PyTorch; TensorFlow; Computer Vision; Hadoop,2026-10-01T13:00:43-04:00,exact,2026-10-01T18:35:45Z,https://www.pinterestcareers.com/jobs/?gh_jid=8140219
greenhouse:pinterest:8140363,Pinterest,PhD University Grad Machine Learning Engineer (USA),Not stated,True,,New Grad,,Data & ML/AI,"San Francisco, CA, US; Palo Alto, CA, US; Seattle, WA, US",unknown,343,,Python; Java; C++; PyTorch; TensorFlow; Computer Vision; Hadoop,2026-10-01T13:00:35-04:00,exact,2026-10-01T18:35:45Z,https://www.pinterestcareers.com/jobs/?gh_jid=8140363
greenhouse:pinterest:8140389,Pinterest,Master's University Grad Data Scientist (USA),Not stated,True,,New Grad,,Data & ML/AI,"San Francisco, CA, US; Palo Alto, CA, US; Seattle, WA, US; New York, NY, US",unknown,343,,Python; SQL,2026-10-01T13:00:27-04:00,exact,2026-10-01T18:35:45Z,https://www.pinterestcareers.com/jobs/?gh_jid=8140389
lever:fiscalnote:51a2e18f-1af1-416c-9544-5bede8e9537c,FiscalNote,Associate Software Engineer,Not stated,True,,Junior / Associate,,Software,"Washington, DC",no-sponsorship,3,"65,000–75,000 USD/yr",Python; C#; JavaScript; SQL; Bash; LLMs; Angular; HTML/CSS,2026-10-01T18:17:54Z,exact,2026-10-01T18:35:45Z,https://jobs.lever.co/fiscalnote/51a2e18f-1af1-416c-9544-5bede8e9537c
workday:americanredcross:/job/Statewide-CA/Data-Analyst-I-BI--Supply-Management---Work-from-home_RC91612-1,American Red Cross,"Data Analyst I BI, Supply Management * Work from home",Not stated,True,,New Grad,,Data & ML/AI,"Statewide, CA",unknown,,$74k–$84k/yr,Python; SQL,2026-10-01T00:00:00Z,date_only,2026-10-01T18:35:45Z,https://americanredcross.wd1.myworkdayjobs.com/american_red_cross_careers/job/Statewide-CA/Data-Analyst-I-BI--Supply-Management---Work-from-home_RC91612-1
workday:costar:/job/Sunnyvale-US/Associate-Software-Engineer---Sunnyvale--CA_R39942,CoStar Group,"Associate Software Engineer - Sunnyvale, CA",Class of 2027,False,,Junior / Associate,,Software,Sunnyvale (US),no-sponsorship,,$100k–$120k/yr,Python; Java; C#; TypeScript; SQL; Swift; Kotlin; React,2026-10-01T00:00:00Z,date_only,2026-10-01T23:06:00Z,https://costar.wd1.myworkdayjobs.com/Costar_Campus/job/Sunnyvale-US/Associate-Software-Engineer---Sunnyvale--CA_R39942
workday:nvidia:/job/US-OR-Hillsboro/Systems-Software-Engineer---New-College-Grad-2026_JR2017083,NVIDIA,Systems Software Engineer - New College Grad 2026,Class of 2026,False,,New Grad,,Software,"US, OR, Hillsboro",unknown,1526,,CUDA,2026-10-01T00:00:00Z,date_only,2026-10-01T18:35:45Z,https://nvidia.wd5.myworkdayjobs.com/NVIDIAExternalCareerSite/job/US-OR-Hillsboro/Systems-Software-Engineer---New-College-Grad-2026_JR2017083
greenhouse:eulerity:4718113006,Eulerity,Associate Backend Engineer,Not stated,True,,Junior / Associate,,Software,"New York, New York",unknown,,,Java; LLMs; Git,2026-09-30T16:13:27-04:00,exact,2026-09-30T23:52:39Z,https://job-boards.greenhouse.io/eulerity/jobs/4718113006
greenhouse:imc:4796143101,IMC Trading,"Software Engineer, Early Career",Not stated,True,,Early Career,,Software,"Chicago, United States",unknown,13,,Java; C++,2026-09-30T14:26:36-04:00,exact,2026-09-30T20:09:32Z,https://job-boards.eu.greenhouse.io/imc/jobs/4796143101
smartrecruiters:AECOM2:744000152763988,AECOM,"Entry-Level Data Scientist - Networking Event with AECOM - Arlington, VA",Class of 2027,False,,Entry Level,,Data & ML/AI,"Arlington, VA, United States (Hybrid)",citizens-only,,,Python; Tableau,2026-09-30T20:39:04.079Z,exact,2026-09-30T23:52:39Z,https://jobs.smartrecruiters.com/AECOM2/744000152763988
workday:generalmotors:/job/Sunnyvale-California-United-States-of-America/Software-Engineer--AV-Data-Collection_JR-202618529,General Motors,"Software Engineer, AV Data Collection - Early Career",Not stated,True,,Early Career,,Data & ML/AI,"Sunnyvale, California, United States of America",unknown,928,,Python; C++; SQL; Linux; Git,2026-09-30T00:00:00Z,date_only,2026-09-30T20:09:32Z,https://generalmotors.wd5.myworkdayjobs.com/Careers_GM/job/Sunnyvale-California-United-States-of-America/Software-Engineer--AV-Data-Collection_JR-202618529
workday:mastercard:/job/Arlington-Virginia/Data-Engineer-I--Launch-Program-2027---Arlington--VA--US_R-285985,Mastercard,"Data Engineer I, Launch Program 2027 – Arlington, VA, US",Class of 2027,False,,New Grad,,Data & ML/AI,"Arlington, Virginia",unknown,,,Python; SQL,2026-09-30T00:00:00Z,date_only,2026-09-30T20:09:32Z,https://mastercard.wd1.myworkdayjobs.com/Campus/job/Arlington-Virginia/Data-Engineer-I--Launch-Program-2027---Arlington--VA--US_R-285985
workday:ngc:/job/United-States-Colorado-Aurora/XMLNAME-2026-Associate-Software-Engineering-or-Software-Engineer---Aurora-CO_R10253437,Northrop Grumman,2026 Associate Software Engineer or Software Engineer - Aurora CO,Class of 2026,False,,Junior / Associate,,Software,United States-Colorado-Aurora,citizens-only,,,Python,2026-09-30T00:00:00Z,date_only,2026-09-30T15:05:24Z,https://ngc.wd1.myworkdayjobs.com/Northrop_Grumman_External_Site/job/United-States-Colorado-Aurora/XMLNAME-2026-Associate-Software-Engineering-or-Software-Engineer---Aurora-CO_R10253437
workday:globalhr:/job/US-IA-CEDAR-RAPIDS-105--400-Collins-Rd-NE--BLDG-105/Software-Engineer-I--Onsite-_01861196,RTX,Software Engineer I (Onsite),Not stated,True,,New Grad,,Software,US-IA-CEDAR RAPIDS-105 ~ 400 Collins Rd NE ~ BLDG 105,citizens-only,,,Python; Linux; Git,2026-09-29T00:00:00Z,date_only,2026-09-30T15:05:24Z,https://globalhr.wd5.myworkdayjobs.com/rec_rtx_ext_gateway/job/US-IA-CEDAR-RAPIDS-105--400-Collins-Rd-NE--BLDG-105/Software-Engineer-I--Onsite-_01861196
workday:nvidia:/job/US-CA-Santa-Clara/Research-Scientist--Fundamental-Generative-AI---New-College-Grad-2026_JR2026739,NVIDIA,"Research Scientist, Fundamental Generative AI - New College Grad 2026",Class of 2026,False,,New Grad,,Data & ML/AI,"US, CA, Santa Clara",unknown,1526,,LLMs; Python; C++; PyTorch; CUDA,2026-09-29T00:00:00Z,date_only,2026-09-30T15:05:24Z,https://nvidia.wd5.myworkdayjobs.com/NVIDIAExternalCareerSite/job/US-CA-Santa-Clara/Research-Scientist--Fundamental-Generative-AI---New-College-Grad-2026_JR2026739
greenhouse:evolutioniq:6210230004,EvolutionIQ,Associate Data Engineer (Python / AI Insurance SaaS),Not stated,True,,Junior / Associate,,Data & ML/AI,"New York, NY",unknown,12,,Python; SQL,2026-09-28T17:02:08-04:00,exact,2026-09-30T20:09:32Z,https://job-boards.greenhouse.io/evolutioniq/jobs/6210230004
greenhouse:schonfeld:8236826,Schonfeld,Entry Level Quantitative Researcher,Not stated,True,,Entry Level,,Quant,"New York, New York, United States",unknown,,,Python; C++; Rust; JavaScript,2026-09-28T09:56:53-04:00,exact,2026-09-30T15:05:24Z,https://job-boards.greenhouse.io/schonfeld/jobs/8236826
greenhouse:spacex:8854394002,SpaceX,"New Graduate Engineer, Software (Starfall)",Class of 2027,False,,New Grad,,Software,"Hawthorne, CA",unknown,,,C++; Bash; Linux,2026-09-28T21:09:01-04:00,exact,2026-09-30T15:05:24Z,https://boards.greenhouse.io/spacex/jobs/8854394002?gh_jid=8854394002
workday:bristolmyerssquibb:/job/Hyderabad---TS---IN/Data-Engineer-I---Transparency-Data-Operations_R1606573,Bristol Myers Squibb,Data Engineer I - Transparency Data Operations,Not stated,True,,New Grad,,Data & ML/AI,Hyderabad - TS - IN,unknown,226,,Python; SQL; AWS; Git; Spark; Databricks; PostgreSQL,2026-09-28T00:00:00Z,date_only,2026-09-30T15:05:24Z,https://bristolmyerssquibb.wd5.myworkdayjobs.com/bms/job/Hyderabad---TS---IN/Data-Engineer-I---Transparency-Data-Operations_R1606573
workday:globalfoundries:/job/USA---New-York---Malta/AI-ML-Analytics-Engineer--2027-New-College-Graduate-_JR-2604942,GlobalFoundries,AI/ML Analytics Engineer (2027 New College Graduate),Class of 2027,False,,New Grad,,Data & ML/AI,USA - New York - Malta,unknown,,,Python; SQL,2026-09-28T00:00:00Z,date_only,2026-09-30T15:05:24Z,https://globalfoundries.wd1.myworkdayjobs.com/External/job/USA---New-York---Malta/AI-ML-Analytics-Engineer--2027-New-College-Graduate-_JR-2604942
lever:economicmodeling:33baa88b-3388-4402-9a5c-b00914351277,Lightcast,Economic Research Analyst / Junior Data Scientist - 1089,Not stated,True,,Junior / Associate,,Data & ML/AI,"Moscow, ID",unknown,,,Python; SQL; LLMs; Snowflake; Tableau,2026-09-25T21:53:01Z,exact,2026-09-28T08:05:06Z,https://jobs.lever.co/economicmodeling/33baa88b-3388-4402-9a5c-b00914351277
workday:allegion:/job/Carmel-IN/Associate-Analytics-Engineer_JR36667,Allegion,Associate Analytics Engineer,Not stated,True,,Junior / Associate,,Data & ML/AI,"Carmel, IN",unknown,,,SQL,2026-09-25T00:00:00Z,date_only,2026-09-28T08:05:06Z,https://allegion.wd5.myworkdayjobs.com/careers/job/Carmel-IN/Associate-Analytics-Engineer_JR36667
workday:epiqsystems:/job/Tampa-FL/Associate-Platform-Engineer_R0035190,Epiq Systems,Associate Platform Engineer,Not stated,True,,Junior / Associate,,Software,"Tampa, FL",unknown,,$75k/yr,Python; Bash; AWS; Azure; Terraform; Git,2026-09-25T00:00:00Z,date_only,2026-09-28T08:05:06Z,https://epiqsystems.wd503.myworkdayjobs.com/Epiq_Careers/job/Tampa-FL/Associate-Platform-Engineer_R0035190
workday:massgeneralbrigham:/job/Somerville-MA/Information-Security-Analyst--I---Automation_RQ4072880-1,Mass General Brigham,Information Security Analyst  I - Automation,Not stated,True,,New Grad,,Security,Somerville-MA,unknown,80,$89.762k/yr,AWS; GCP; Azure; Docker; Git,2026-09-25T00:00:00Z,date_only,2026-09-28T08:05:06Z,https://massgeneralbrigham.wd1.myworkdayjobs.com/mgbexternal/job/Somerville-MA/Information-Security-Analyst--I---Automation_RQ4072880-1
workday:micron:/job/Boise-ID---ID1/New-College-Grad---IT-Software-Support-Engineer_JR111038,Micron Technology,New College Grad - IT Software Support Engineer,Not stated,True,,New Grad,,Software,"Boise, ID - ID1",unknown,489,,Python; C#; SQL; Bash; LLMs; Linux,2026-09-25T00:00:00Z,date_only,2026-09-28T08:05:06Z,https://micron.wd1.myworkdayjobs.com/External/job/Boise-ID---ID1/New-College-Grad---IT-Software-Support-Engineer_JR111038
workday:varsitybrands:/job/TN---Memphis/Software-Engineer-I--Net-_JR114518,Varsitybrands,Software Engineer I (.Net),Not stated,True,,New Grad,,Software,TN - Memphis,unknown,,,SQL; Git,2026-09-25T00:00:00Z,date_only,2026-09-30T20:09:32Z,https://varsitybrands.wd503.myworkdayjobs.com/externalcareersite/job/TN---Memphis/Software-Engineer-I--Net-_JR114518
greenhouse:voloridgeinvestmentmanagement:4419326009,Voloridge,Quantitative Developer - 2026/2027 Grads,Class of 2027,False,Class of 2027; Class of 2026,New Grad,,Quant,"Jupiter, FL",unknown,,,Python; C++,2026-09-24T10:20:45-04:00,exact,2026-09-28T08:05:06Z,https://job-boards.greenhouse.io/voloridgeinvestmentmanagement/jobs/4419326009
greenhouse:ziprecruiter:8127108,ZipRecruiter,Software Engineer - New Grad,Class of 2027,False,,New Grad,,Software,"Santa Monica, CA",unknown,22,,Python; Java; C++; JavaScript; React; HTML/CSS; Kubernetes,2026-09-24T12:18:41-04:00,exact,2026-09-28T08:05:06Z,https://job-boards.greenhouse.io/ziprecruiter/jobs/8127108
lever:runlaminar:1112d528-3de4-4be2-b889-faa7f80381b6,Laminar,"Junior Software Engineer, Edge Platform",Not stated,True,,Junior / Associate,,Software,"Somerville, MA",unknown,,"91,000–121,000 USD/yr",Python; C++; Rust; Bash; Docker; Linux; Git,2026-09-24T20:55:33Z,exact,2026-09-30T20:09:32Z,https://jobs.lever.co/runlaminar/1112d528-3de4-4be2-b889-faa7f80381b6
workday:amat:/job/AustinTX/Data-Scientist-New-College-Grad--Bachelor-s-Master-s--Austin--TX-_R2627684,Applied Materials,"Data Scientist New College Grad- Bachelor's/Master's (Austin, TX)",Not stated,True,,New Grad,,Data & ML/AI,"Austin,TX",unknown,650,,Python; SQL; Pandas; LLMs; AWS; GCP; Azure; Spark,2026-09-24T00:00:00Z,date_only,2026-09-28T08:05:06Z,https://amat.wd1.myworkdayjobs.com/External/job/AustinTX/Data-Scientist-New-College-Grad--Bachelor-s-Master-s--Austin--TX-_R2627684
workday:boeing:/job/USA---Oklahoma-City-OK/Associate-Software-Engineer---Developers_JR2026512427-1,The Boeing Company,Associate Software Engineer - Developers,Not stated,True,,Junior / Associate,,Software,"USA - Oklahoma City, OK",citizens-only,28,,Python; Java; C++; C#; Docker; Git,2026-09-24T00:00:00Z,date_only,2026-09-28T08:05:06Z,https://boeing.wd1.myworkdayjobs.com/EXTERNAL_CAREERS/job/USA---Oklahoma-City-OK/Associate-Software-Engineer---Developers_JR2026512427-1
workday:leidos:/job/Huntsville-AL/Junior-Software-Developer_R-00193099,Leidos,Junior Software Developer,Not stated,True,,Junior / Associate,,Software,"Huntsville, AL",citizens-only,79,,Python; Java; C++; C#; Bash; Linux; Git,2026-09-24T00:00:00Z,date_only,2026-09-28T08:05:06Z,https://leidos.wd5.myworkdayjobs.com/External/job/Huntsville-AL/Junior-Software-Developer_R-00193099
workday:mastercard:/job/OFallon-Missouri/Site-Reliability-Engineer-I--Launch-Program-2027---St-Louis--MO--US_R-287642,Mastercard,"Site Reliability Engineer I, Launch Program 2027 – St. Louis, MO, US",Class of 2027,False,,New Grad,,Software,"O'Fallon, Missouri",unknown,,,Python; Bash; AWS; GCP; Azure; Linux,2026-09-24T00:00:00Z,date_only,2026-09-28T08:05:06Z,https://mastercard.wd1.myworkdayjobs.com/Campus/job/OFallon-Missouri/Site-Reliability-Engineer-I--Launch-Program-2027---St-Louis--MO--US_R-287642
workday:relx:/job/Alpharetta-GA/Software-Engineer-1_R117973-1,RELX,Software Engineer 1,Not stated,True,,New Grad,,Software,"Alpharetta, GA",unknown,,,Java; SQL; Spring,2026-09-24T00:00:00Z,date_only,2026-09-28T08:05:06Z,https://relx.wd3.myworkdayjobs.com/relx/job/Alpharetta-GA/Software-Engineer-1_R117973-1
workday:resmed:/job/San-Diego-CA-United-States/Associate-Software-Engineer_JR_052316-1,Resmed,Associate Software Engineer,Not stated,True,,Junior / Associate,,Software,"San Diego, CA, United States",unknown,14,,Python; Java; TypeScript; JavaScript; AWS; GCP; Azure; Git,2026-09-24T00:00:00Z,date_only,2026-09-28T08:05:06Z,https://resmed.wd3.myworkdayjobs.com/ResMed_External_Careers/job/San-Diego-CA-United-States/Associate-Software-Engineer_JR_052316-1
ashby:webai:5aa2fb29-be71-4135-928c-e7690611b380,WebAI,Jr DevOps Engineer,Not stated,True,,Junior / Associate,,Software,"Austin, TX",unknown,,$90K – $130K,Python; Bash; AWS; GCP; Azure; Kubernetes; Docker; Terraform,2026-09-23T20:20:28.958+00:00,exact,2026-09-28T08:05:06Z,https://jobs.ashbyhq.com/webai/5aa2fb29-be71-4135-928c-e7690611b380
greenhouse:eulerity:4716146006,Eulerity,Associate Web Development Software Engineer (SDK),Not stated,True,,Junior / Associate,,Software,"New York, New York",unknown,,,Java; TypeScript; JavaScript; LLMs; React; HTML/CSS,2026-09-23T17:32:22-04:00,exact,2026-09-28T08:05:06Z,https://job-boards.greenhouse.io/eulerity/jobs/4716146006
greenhouse:graphcore:8841995002,Graphcore,Graduate Firmware Engineer,Class of 2027,False,,New Grad,,Hardware,"Austin, Texas, United States",unknown,,,Python; C++; Linux,2026-09-23T20:28:01-04:00,exact,2026-09-28T08:05:06Z,https://job-boards.greenhouse.io/graphcore/jobs/8841995002
greenhouse:klaviyocampus:8003259003,Klaviyo,AI Engineer I,Class of 2027,False,,New Grad,,Data & ML/AI,"Boston, MA",unknown,28,,Python; LLMs; Django,2026-09-23T18:01:56-04:00,exact,2026-09-28T08:05:06Z,https://job-boards.greenhouse.io/klaviyocampus/jobs/8003259003
greenhouse:parallel:5247800007,Parallel Systems,Full Stack Software Engineer I,Not stated,True,,New Grad,,Software,"Los Angeles, CA",unknown,2,,Python; Rust; TypeScript; React,2026-09-23T19:57:34-04:00,exact,2026-09-28T08:05:06Z,https://boards.greenhouse.io/parallel/jobs/5247800007?gh_jid=5247800007
greenhouse:scaleai:4736426005,Scale AI,"Software Engineer, Public Sector - New Grad",Class of 2027,False,,New Grad,,Software,"San Francisco, CA",unknown,26,,Python; TypeScript; LLMs; React; AWS; GCP; Azure; Kubernetes,2026-09-23T13:55:35-04:00,exact,2026-09-28T08:05:06Z,https://job-boards.greenhouse.io/scaleai/jobs/4736426005
greenhouse:striveworks:8002825003,Striveworks,Junior Software Engineer,Not stated,True,,Junior / Associate,,Software,"Austin, Texas, United States",unknown,,$100k–$130k/yr,Python; SQL; PyTorch; TensorFlow; GraphQL; Kubernetes; Docker; Git,2026-09-23T11:45:41-04:00,exact,2026-10-03T15:25:39Z,https://job-boards.greenhouse.io/striveworks/jobs/8002825003
workday:amgen:/job/US---California---Thousand-Oaks/Associate-AI-Engineer--OI-A_R-255988,Amgen,"Associate AI Engineer, OI&A",Not stated,True,,Junior / Associate,,Data & ML/AI,US - California - Thousand Oaks,unknown,768,,Python; SQL; LLMs; AWS; Databricks,2026-09-23T00:00:00Z,date_only,2026-09-28T08:05:06Z,https://amgen.wd1.myworkdayjobs.com/careers/job/US---California---Thousand-Oaks/Associate-AI-Engineer--OI-A_R-255988
workday:analogdevices:/job/US-MA-Boston/Associate-Machine-Learning-Engineer_R266607-1,Analog Devices,Associate Machine Learning Engineer,Not stated,True,,Junior / Associate,,Data & ML/AI,"US, MA, Boston",unknown,181,,Python,2026-09-23T00:00:00Z,date_only,2026-09-28T08:05:06Z,https://analogdevices.wd1.myworkdayjobs.com/External/job/US-MA-Boston/Associate-Machine-Learning-Engineer_R266607-1
workday:generalmotors:/job/Sunnyvale-California-United-States-of-America/Software-Engineer-AV-HIL-Platform-and-Services--University-Grad-_JR-202604577,General Motors,Software Engineer AV HIL Platform and Services (Early Career)),Class of 2026,False,,Early Career,,Software,"Sunnyvale, California, United States of America",unknown,928,,Python; C++; SQL; Linux,2026-09-23T00:00:00Z,date_only,2026-09-28T08:05:06Z,https://generalmotors.wd5.myworkdayjobs.com/Careers_GM/job/Sunnyvale-California-United-States-of-America/Software-Engineer-AV-HIL-Platform-and-Services--University-Grad-_JR-202604577
workday:nvidia:/job/US-CA-Santa-Clara/Research-Scientist--Generative-AI-for-Physical-AI---PhD-New-College-Grad-2026_JR2016032,NVIDIA,"Research Scientist, Physical AI - Foundation Models - PhD New College Grad 2026",Class of 2026,False,,New Grad,,Data & ML/AI,"US, CA, Santa Clara",unknown,1526,,PyTorch; LLMs,2026-09-23T00:00:00Z,date_only,2026-09-28T08:05:06Z,https://nvidia.wd5.myworkdayjobs.com/NVIDIAExternalCareerSite/job/US-CA-Santa-Clara/Research-Scientist--Generative-AI-for-Physical-AI---PhD-New-College-Grad-2026_JR2016032
greenhouse:andurilindustries:5246141007,Anduril,2027 Early Career Firmware Engineer,Class of 2027,False,,Early Career,,Hardware,"Costa Mesa, California, United States",unknown,,,Computer Vision,2026-09-22T14:27:15-04:00,exact,2026-09-28T08:05:06Z,https://boards.greenhouse.io/andurilindustries/jobs/5246141007?gh_jid=5246141007
greenhouse:relativity:8834005002,Relativity Space,Full Stack Software Engineer I,Not stated,True,,New Grad,,Software,"Long Beach, California, United States",unknown,,,React,2026-09-22T18:37:39-04:00,exact,2026-09-28T08:05:06Z,https://boards.greenhouse.io/relativity/jobs/8834005002?gh_jid=8834005002
greenhouse:striveworks:8002515003,Striveworks,Junior Machine Learning Engineer,Not stated,True,,Junior / Associate,,Data & ML/AI,"Austin, Texas, United States",unknown,,$100k–$130k/yr,Python; PyTorch; TensorFlow; scikit-learn; LLMs; Kubernetes; Docker,2026-09-22T12:11:18-04:00,exact,2026-10-03T15:25:39Z,https://job-boards.greenhouse.io/striveworks/jobs/8002515003
greenhouse:striveworks:8002598003,Striveworks,Junior Front-End Engineer,Not stated,True,,Junior / Associate,,Software,"Austin, Texas, United States",unknown,,$100k–$130k/yr,Python; Go; TypeScript; JavaScript; React; Next.js; Node.js; HTML/CSS,2026-09-22T13:12:49-04:00,exact,2026-10-03T15:25:39Z,https://job-boards.greenhouse.io/striveworks/jobs/8002598003
lever:datalabusa:9254110c-d83f-4921-aca6-b26d203bbc53,Datalab USA,Production Programmer - Entry Level SQL Developer,Not stated,True,,Entry Level,,Software,"Westminster, CO",no-sponsorship,4,,SQL,2026-09-22T19:31:47Z,exact,2026-09-28T08:05:06Z,https://jobs.lever.co/datalabusa/9254110c-d83f-4921-aca6-b26d203bbc53
lever:erg:26fdd838-c4ba-4538-825c-c16b36d18fe1,Eastern Research Group,Entry-Level Occupational Safety and Health Data Analyst,Not stated,True,,Entry Level,,Data & ML/AI,"Fairfax, VA",unknown,,"58,000–70,000 USD/yr",,2026-09-22T17:38:01Z,exact,2026-09-28T08:05:06Z,https://jobs.lever.co/erg/26fdd838-c4ba-4538-825c-c16b36d18fe1
oracle:ibqbjb.fa.ocs.oraclecloud.com:157925,Honeywell,Software Engineer I,Not stated,True,,New Grad,,Software,"Duluth, GA, United States",unknown,,,C#; SQL; .NET; AWS; GCP; Azure; Git,2026-09-22,date_only,2026-09-28T08:05:06Z,https://ibqbjb.fa.ocs.oraclecloud.com/hcmUI/CandidateExperience/en/sites/CX_1/job/157925
workday:clearwateranalytics:/job/Office---New-York/Quantitative-Developer-I_R12180,CWAN,Quantitative Developer I,Not stated,True,,New Grad,,Quant,Office - New York,unknown,,,,2026-09-22T00:00:00Z,date_only,2026-09-28T08:05:06Z,https://clearwateranalytics.wd1.myworkdayjobs.com/Clearwater_Analytics_Careers/job/Office---New-York/Quantitative-Developer-I_R12180
workday:kbr:/job/Fort-Belvoir-Virginia/Entry-Level--Junior-Army-Fires-Modeling-and-Simulation-Developer_R2129634,KBR,Entry Level/ Junior Army Fires Modeling and Simulation Developer,Not stated,True,,Entry Level,,Software,"Fort Belvoir, Virginia",citizens-only,12,,Python; C++; Bash; Linux,2026-09-22T00:00:00Z,date_only,2026-09-28T08:05:06Z,https://kbr.wd5.myworkdayjobs.com/KBR_Careers/job/Fort-Belvoir-Virginia/Entry-Level--Junior-Army-Fires-Modeling-and-Simulation-Developer_R2129634
workday:resmed:/job/San-Diego-CA-United-States/Associate-iOS-Developer_JR_053886-1,Resmed,Associate iOS Developer,Not stated,True,,Junior / Associate,,Software,"San Diego, CA, United States",unknown,14,,Swift,2026-09-22T00:00:00Z,date_only,2026-09-28T08:05:06Z,https://resmed.wd3.myworkdayjobs.com/ResMed_External_Careers/job/San-Diego-CA-United-States/Associate-iOS-Developer_JR_053886-1
greenhouse:singlestore:8220863,SingleStore,MIT-Software Engineer-New Grad |Engine|,Not stated,True,,New Grad,,Software,United States,unknown,16,,C++; SQL; LLMs,2026-09-21T13:36:07-04:00,exact,2026-09-28T08:05:06Z,https://job-boards.greenhouse.io/singlestore/jobs/8220863
greenhouse:singlestore:8220882,SingleStore,MIT-Software Engineer-New Grad |Helios|,Not stated,True,,New Grad,,Software,United States,unknown,16,,TypeScript; JavaScript; SQL,2026-09-21T13:42:05-04:00,exact,2026-09-28T08:05:06Z,https://job-boards.greenhouse.io/singlestore/jobs/8220882
greenhouse:teletrackingtechnologiesinc:5425154008,TeleTracking,Software Engineer I,Not stated,True,,New Grad,,Software,"Pittsburgh, PA",unknown,,,Java; AWS,2026-09-21T08:47:03-04:00,exact,2026-09-28T08:05:06Z,https://job-boards.greenhouse.io/teletrackingtechnologiesinc/jobs/5425154008
lever:fiscalnote:c76e748f-6e25-42cf-bf26-ebae44280ffd,FiscalNote,Associate Software Engineer,Not stated,True,,Junior / Associate,yes,Software,United States - Remote,no-sponsorship,3,"65,000–75,000 USD/yr",Python; C#; JavaScript; SQL; Bash; LLMs; Angular; HTML/CSS,2026-09-21T19:10:40Z,exact,2026-09-28T08:05:06Z,https://jobs.lever.co/fiscalnote/c76e748f-6e25-42cf-bf26-ebae44280ffd
oracle:tulane-ibqejb.fa.ocs.oraclecloud.com:1970,Tulane University,Research Scientist I,Not stated,True,,New Grad,,Data & ML/AI,"New Orleans, LA, United States; United States",unknown,113,,,2026-09-21,date_only,2026-09-28T08:05:06Z,https://tulane-ibqejb.fa.ocs.oraclecloud.com/hcmUI/CandidateExperience/en/sites/CX_1/job/1970
smartrecruiters:AbbVie:3743990015538268,AbbVie,Associate AI Data Scientist I,Not stated,True,,New Grad,,Data & ML/AI,"North Chicago, IL, United States (Hybrid)",unknown,303,,Python; LLMs; HTML/CSS; AWS,2026-09-21T20:22:15.387Z,exact,2026-09-28T08:05:06Z,https://jobs.smartrecruiters.com/AbbVie/3743990015538268
workday:hpe:/job/Roseville-California-United-States-of-America/Systems---Software-Engineer-I-Graduate_1214984,Hewlett Packard Enterprise,Systems / Software Engineer I Graduate,Not stated,True,,New Grad,,Software,"Roseville, California, United States of America",unknown,499,,HTML/CSS,2026-09-21T00:00:00Z,date_only,2026-09-28T08:05:06Z,https://hpe.wd5.myworkdayjobs.com/Jobsathpe/job/Roseville-California-United-States-of-America/Systems---Software-Engineer-I-Graduate_1214984
workday:amat:/job/GloucesterMA/XMLNAME-2027-Software-Engineer-New-College-Grad--Bachelor-s----Gloucester--MA_R2625914,Applied Materials,"2027 Software Engineer New College Grad (Bachelor's) - Gloucester, MA",Class of 2027,False,,New Grad,,Software,"Gloucester,MA",unknown,650,,C++; C#,2026-09-20T00:00:00Z,date_only,2026-09-28T08:05:06Z,https://amat.wd1.myworkdayjobs.com/External/job/GloucesterMA/XMLNAME-2027-Software-Engineer-New-College-Grad--Bachelor-s----Gloucester--MA_R2625914
workable:ace-it-careers-1:8E52B2BF7A,Ace It Careers 1,Entry-Level Software QA Analyst,Not stated,True,,Entry Level,yes,Software,"Chicago, Illinois, United States; Denver, Colorado, United States; Minneapolis, Minnesota, United States; Pittsburgh, Pennsylvania, United States; Salt Lake City, Utah, United States (Remote)",unknown,,,SQL,2026-09-19T00:00:00.000Z,date_only,2026-09-30T20:09:32Z,https://apply.workable.com/ace-it-careers-1/j/8E52B2BF7A/
lever:steerbridge:a49cfd8c-c7ec-4378-9233-412eb16dd96a,SteerBridge,Junior Data Engineer,Not stated,True,,Junior / Associate,,Data & ML/AI,"Vienna, VA",citizens-only,,"85,000–105,000 USD/yr",Python; SQL; Pandas; AWS; GCP; Azure; Git,2026-09-18T17:20:47Z,exact,2026-09-28T08:05:06Z,https://jobs.lever.co/steerbridge/a49cfd8c-c7ec-4378-9233-412eb16dd96a
workday:dxctechnology:/job/USA---CT---ANY-CITY/Analyst-I-Software-Engineering_51586934,DXC Technology,Analyst I Software Engineering,Not stated,True,,New Grad,,Software,USA - CT - ANY CITY,unknown,,,Python; Java; C#; SQL,2026-09-18T00:00:00Z,date_only,2026-09-28T08:15:44Z,https://dxctechnology.wd1.myworkdayjobs.com/dxcjobs/job/USA---CT---ANY-CITY/Analyst-I-Software-Engineering_51586934
workday:iqvia:/job/Phoenix-AZ/MedTech-Field-Service-Software-Tech-Entry-Level---Pacific-Time-Zone_R1568796,IQVIA,"MedTech Field Service Software Tech Entry Level - Phoenix, AZ",Not stated,True,,Entry Level,,Software,"Phoenix, AZ",no-sponsorship,210,$27–$30/hr,,2026-09-18T00:00:00Z,date_only,2026-09-28T08:15:44Z,https://iqvia.wd1.myworkdayjobs.com/IQVIA/job/Phoenix-AZ/MedTech-Field-Service-Software-Tech-Entry-Level---Pacific-Time-Zone_R1568796
workday:jci:/job/New-Freedom-Pennsylvania-United-States-of-America/Embedded-Software-Engineer-I---Product-Development_WD30272369,Johnson Controls,Embedded Software Engineer I - Product Development,Not stated,True,,New Grad,,Software,New Freedom-Pennsylvania-United States of America,citizens-only,104,,Python; C++,2026-09-18T00:00:00Z,date_only,2026-09-28T08:05:06Z,https://jci.wd5.myworkdayjobs.com/JCI/job/New-Freedom-Pennsylvania-United-States-of-America/Embedded-Software-Engineer-I---Product-Development_WD30272369
workday:nvidia:/job/US-CA-Santa-Clara/Research-Scientist--Networking-Research---PhD-New-College-Grad-2026_JR2024900-1,NVIDIA,"Research Scientist, Networking Research - PhD New College Grad 2026",Class of 2026,False,,New Grad,,Data & ML/AI,"US, CA, Santa Clara",unknown,1526,,Python; C++; PyTorch; TensorFlow,2026-09-18T00:00:00Z,date_only,2026-09-28T08:05:06Z,https://nvidia.wd5.myworkdayjobs.com/NVIDIAExternalCareerSite/job/US-CA-Santa-Clara/Research-Scientist--Networking-Research---PhD-New-College-Grad-2026_JR2024900-1
ashby:meow:56e3b840-11a0-4e98-baca-44e8e26b5218,Meow,Software Engineer - December 2026 Graduates,Class of 2026,False,,New Grad,,Software,New York City,no-sponsorship,,,Python; TypeScript; React; PostgreSQL,2026-09-17T19:19:26.802+00:00,exact,2026-09-28T08:05:06Z,https://jobs.ashbyhq.com/meow/56e3b840-11a0-4e98-baca-44e8e26b5218
ashby:radiant-industries:1ec29cec-d18f-417d-adc6-31adda87c687,Radiant,2027 New Graduate - Software Engineer,Class of 2027,False,,New Grad,,Software,"El Segundo, CA",unknown,,$105K – $130K • Offers Equity,Python; C++; C#; Git,2026-09-17T21:17:04.753+00:00,exact,2026-09-28T08:05:06Z,https://jobs.ashbyhq.com/radiant-industries/1ec29cec-d18f-417d-adc6-31adda87c687
greenhouse:map:8816124002,VML,Associate Data Engineer,Not stated,True,,Junior / Associate,,Data & ML/AI,"Austin, Texas, United States",unknown,16,,Python; SQL; Scala; AWS; GCP; Azure; Git; Airflow,2026-09-17T09:02:56-04:00,exact,2026-09-28T08:05:06Z,https://job-boards.greenhouse.io/map/jobs/8816124002
greenhouse:purestorage:8211954,Pure Storage,Associate Security Engineer,Not stated,True,,Junior / Associate,,Security,"Santa Clara, California",unknown,208,,Python; AWS; GCP; Azure; Linux,2026-09-17T15:35:39-04:00,exact,2026-09-28T08:05:06Z,https://job-boards.greenhouse.io/purestorage/jobs/8211954
greenhouse:stripe:8212508,Stripe,"Software Engineer, Early Career — Immediate Start",Class of 2026,False,,Early Career,,Software,"San Francisco, Seattle, New York",unknown,441,,Java; JavaScript; Scala; Ruby,2026-09-17T19:22:32-04:00,exact,2026-09-28T08:05:06Z,https://stripe.com/jobs/search?gh_jid=8212508
workday:labcorp:/job/Phoenix-AZ/AI-Transformation-Associate---Per-Diem---Seeking-college-students-or-new-grads-_2633522-1,LabCorp,AI Transformation Assistant – Per Diem – Seeking college students or new grads!,Not stated,True,,New Grad,,Data & ML/AI,Phoenix AZ,unknown,,,Python; SQL; LLMs; Tableau,2026-09-17T00:00:00Z,date_only,2026-09-28T08:05:06Z,https://labcorp.wd1.myworkdayjobs.com/external/job/Phoenix-AZ/AI-Transformation-Associate---Per-Diem---Seeking-college-students-or-new-grads-_2633522-1
workday:micron:/job/Richardson-TX/New-College-Grad---AI-Infrastructure---HBM-Architecture-Engineer_JR109578,Micron Technology,New College Grad - AI Infrastructure & HBM Architecture Engineer,Not stated,True,,New Grad,,Data & ML/AI,"Richardson, TX",unknown,489,,Python; C++; LLMs,2026-09-17T00:00:00Z,date_only,2026-09-28T08:05:06Z,https://micron.wd1.myworkdayjobs.com/External/job/Richardson-TX/New-College-Grad---AI-Infrastructure---HBM-Architecture-Engineer_JR109578
ashby:crusoe:9a5223c4-9eb7-4fdb-b97c-f43525df35ed,Crusoe,"Software Engineer I, Network",Not stated,True,,New Grad,,Software,"San Francisco, CA - US",unknown,,,Java; Linux; Git,2026-09-16T22:52:30.178+00:00,exact,2026-09-28T08:05:06Z,https://jobs.ashbyhq.com/crusoe/9a5223c4-9eb7-4fdb-b97c-f43525df35ed
greenhouse:captivation:5426537008,Captivation,Software Engineer 1 - Python/Kotlin/Java/Terraform/Elasticsearch/Opensearch/AWS,Not stated,True,,New Grad,,Software,"Annapolis Junction, MD",citizens-only,,,Python; Java; Kotlin; AWS; Terraform,2026-09-16T18:41:52-04:00,exact,2026-09-28T08:05:06Z,https://job-boards.greenhouse.io/captivation/jobs/5426537008
greenhouse:captivation:5426539008,Captivation,Software Engineer 1 - Python/PySpark/AWS,Not stated,True,,New Grad,,Software,"Annapolis Junction, MD",citizens-only,,,Python; AWS; Spark,2026-09-16T18:44:34-04:00,exact,2026-09-28T08:05:06Z,https://job-boards.greenhouse.io/captivation/jobs/5426539008
greenhouse:captivation:5426544008,Captivation,Software Engineer 1 - Java/Confluence/Jira/AWS/Maven/MapReduce,Not stated,True,,New Grad,,Software,"Annapolis Junction, MD",citizens-only,,,Java; AWS; Python; Linux; Git,2026-09-16T18:48:57-04:00,exact,2026-09-28T08:05:06Z,https://job-boards.greenhouse.io/captivation/jobs/5426544008
workday:cisco:/job/RTP-North-Carolina-US/Security-Engineer-I--Full-Time----United-States_2025883,Cisco,Security Engineer I (Full Time) - United States,Not stated,True,,New Grad,,Security,"RTP, North Carolina, US",unknown,,,Python; LLMs,2026-09-16T00:00:00Z,date_only,2026-09-28T08:05:06Z,https://cisco.wd5.myworkdayjobs.com/cisco_careers/job/RTP-North-Carolina-US/Security-Engineer-I--Full-Time----United-States_2025883
workday:costar:/job/Irvine-US/Associate-Software-Engineer---Irvine--CA_R39736,CoStar Group,"Associate Software Engineer - Irvine, CA",Class of 2027,False,,Junior / Associate,,Software,Irvine (US),no-sponsorship,,$100k–$105k/yr,TypeScript; JavaScript; SQL; React; Angular; Vue; AWS; Git,2026-09-16T00:00:00Z,date_only,2026-09-28T08:05:06Z,https://costar.wd1.myworkdayjobs.com/Costar_Campus/job/Irvine-US/Associate-Software-Engineer---Irvine--CA_R39736
workday:costar:/job/US-CA-San-Diego/Associate-Software-Engineer---San-Diego--CA_R39674,CoStar Group,"Associate Software Engineer - San Diego, CA",Class of 2027,False,,Junior / Associate,,Software,US-CA San Diego,no-sponsorship,,$100k–$105k/yr,TypeScript; JavaScript; SQL; React; Angular; Vue; AWS; Git,2026-09-16T00:00:00Z,date_only,2026-09-28T08:05:06Z,https://costar.wd1.myworkdayjobs.com/Costar_Campus/job/US-CA-San-Diego/Associate-Software-Engineer---San-Diego--CA_R39674
greenhouse:singlestore:8205389,SingleStore,Software Engineer-Helios-New Grad 2027,Class of 2027,False,,New Grad,,Software,United States,unknown,16,,TypeScript; JavaScript; SQL,2026-09-15T17:37:06-04:00,exact,2026-09-28T08:05:06Z,https://job-boards.greenhouse.io/singlestore/jobs/8205389
greenhouse:singlestore:8205427,SingleStore,Software Engineer-Engine-New Grad 2027,Class of 2027,False,,New Grad,,Software,United States,unknown,16,,C++; SQL; LLMs,2026-09-15T17:39:29-04:00,exact,2026-09-28T08:05:06Z,https://job-boards.greenhouse.io/singlestore/jobs/8205427
lever:wyetechllc:b49f02db-cdd4-41f3-9036-50cf9c2ad86f,Wyetech,Software Engineer 1,Not stated,True,,New Grad,,Software,"Annapolis Junction, Maryland",citizens-only,,52–107 USD/hr,Java; C++; Kubernetes; Linux,2026-09-15T20:22:53Z,exact,2026-09-28T08:05:06Z,https://jobs.lever.co/wyetechllc/b49f02db-cdd4-41f3-9036-50cf9c2ad86f
oracle:egay.fa.us6.oraclecloud.com:44448,NOV,Associate Software Engineer - Pathway (June 2027 & January 2027),Class of 2027,False,,Junior / Associate,,Software,"Houston, TX, United States",unknown,,,Python; Java; C++; C#; JavaScript,2026-09-15,date_only,2026-09-28T08:05:06Z,https://egay.fa.us6.oraclecloud.com/hcmUI/CandidateExperience/en/sites/CX_4001/job/44448
smartrecruiters:HardinDesign:744000149709275,Hardin Design,Web Developer - Entry Level,Not stated,True,,Entry Level,,Software,"Madison, WI, United States (Hybrid)",no-sponsorship,,$55k–$70k/yr,Python; JavaScript; SQL; React; Node.js; Angular; Vue; HTML/CSS,2026-09-15T20:15:31.198Z,exact,2026-09-28T08:05:06Z,https://jobs.smartrecruiters.com/HardinDesign/744000149709275
workable:saalex:758C0628C9,Saalex,Junior Systems Developer & Data Analyst,Not stated,True,,Junior / Associate,yes,Data & ML/AI,"Ridgecrest, California, United States (Remote)",citizens-only,,,TypeScript; JavaScript; React; Git,2026-09-15T00:00:00.000Z,date_only,2026-09-30T15:05:24Z,https://apply.workable.com/saalex/j/758C0628C9/
workday:hpe:/job/San-Jose-California-United-States-of-America/AI-Workflow-Specialist-Graduate_1211885,Hewlett Packard Enterprise,AI Workflow Specialist Graduate,Not stated,True,,New Grad,,Data & ML/AI,"San Jose, California, United States of America",unknown,499,,Python; Java; SQL; PyTorch; TensorFlow; scikit-learn; HTML/CSS; Tableau,2026-09-15T00:00:00Z,date_only,2026-09-28T08:05:06Z,https://hpe.wd5.myworkdayjobs.com/Jobsathpe/job/San-Jose-California-United-States-of-America/AI-Workflow-Specialist-Graduate_1211885
ashby:miter:f4567649-a0eb-445d-bd00-a0673a26ec6d,Miter,Software Engineer (New Grad),Not stated,True,,New Grad,,Software,New York City,unknown,,$140K – $165K • Offers Equity,TypeScript; React; MongoDB,2026-09-14T17:24:21.810+00:00,exact,2026-09-30T20:09:32Z,https://jobs.ashbyhq.com/miter/f4567649-a0eb-445d-bd00-a0673a26ec6d
greenhouse:mthreerecruitingportal:4713126006,mthree,Junior Software Engineer,Not stated,True,,Junior / Associate,,Software,USA,no-sponsorship,,,Java; SQL,2026-09-14T15:53:10-04:00,exact,2026-09-28T08:05:06Z,https://job-boards.greenhouse.io/mthreerecruitingportal/jobs/4713126006
smartrecruiters:Bertelsmann-Jobs:744000149408295,Bertelsmann,RPA Jr. Developer,Not stated,True,,Junior / Associate,,Software,"Pleasant-Prairie, Wisconsin (WI), United States (Hybrid)",unknown,,,Python; Java; C++; JavaScript; SQL; Ruby; HTML/CSS; Azure,2026-09-14T18:45:16.974Z,exact,2026-09-28T08:05:06Z,https://jobs.smartrecruiters.com/Bertelsmann-Jobs/744000149408295
smartrecruiters:Bertelsmann-Jobs:744000149409376,Bertelsmann,RPA Jr. Developer,Not stated,True,,Junior / Associate,,Software,"Shepherdsville, Kentucky (KY), United States (Hybrid)",unknown,,,Python; Java; C++; JavaScript; SQL; Ruby; HTML/CSS; Azure,2026-09-14T18:42:48.006Z,exact,2026-09-28T08:05:06Z,https://jobs.smartrecruiters.com/Bertelsmann-Jobs/744000149409376
smartrecruiters:Bertelsmann-Jobs:744000149410620,Bertelsmann,RPA Jr. Developer,Not stated,True,,Junior / Associate,,Software,"Miami, Florida (FL), United States (Hybrid)",unknown,,,Python; Java; C++; JavaScript; SQL; Ruby; HTML/CSS; Azure,2026-09-14T18:43:24.553Z,exact,2026-09-28T08:05:06Z,https://jobs.smartrecruiters.com/Bertelsmann-Jobs/744000149410620
smartrecruiters:Bertelsmann-Jobs:744000149411239,Bertelsmann,RPA Jr. Developer,Not stated,True,,Junior / Associate,,Software,"Valencia, California (CA), United States (Hybrid)",unknown,,,Python; Java; C++; JavaScript; SQL; Ruby; HTML/CSS; Azure,2026-09-14T18:46:26.150Z,exact,2026-09-28T08:05:06Z,https://jobs.smartrecruiters.com/Bertelsmann-Jobs/744000149411239
workday:costar:/job/US-VA-Richmond/Associate-Security-Engineer---Richmond--VA_R39725,CoStar Group,"Associate Security Engineer - Richmond, VA",Class of 2027,False,,Junior / Associate,,Security,US-VA Richmond,no-sponsorship,,$100k–$105k/yr,Python; Bash,2026-09-14T00:00:00Z,date_only,2026-09-28T08:05:06Z,https://costar.wd1.myworkdayjobs.com/Costar_Campus/job/US-VA-Richmond/Associate-Security-Engineer---Richmond--VA_R39725
workday:mimecast:/job/United-States-of-America-Minnesota--Minneapolis/Software-Engineer-I_R6708-1,Mimecast,Software Engineer I,Not stated,True,,New Grad,,Software,United States of America– Minnesota – Minneapolis,unknown,,,C++; Rust; Swift; Linux; Git,2026-09-14T00:00:00Z,date_only,2026-09-28T08:05:06Z,https://mimecast.wd5.myworkdayjobs.com/Mimecast-Careers/job/United-States-of-America-Minnesota--Minneapolis/Software-Engineer-I_R6708-1
workday:sbdinc:/job/Towson-MD-United-States/Engineer-1--Software-Engineering---Motor-Control_REQ-1000052383,Stanley Black & Decker,"Engineer 1, Software Engineering - Motor Control",Not stated,True,,New Grad,,Software,"Towson, MD, United States",unknown,124,,,2026-09-14T00:00:00Z,date_only,2026-09-28T08:05:06Z,https://sbdinc.wd1.myworkdayjobs.com/Stanley_Black_Decker_Career_Site/job/Towson-MD-United-States/Engineer-1--Software-Engineering---Motor-Control_REQ-1000052383
workday:hpe:/job/Durham-North-Carolina-United-States-of-America/AI-and-Machine-Learning-Engineering-Graduate_1213475,Hewlett Packard Enterprise,AI and Machine Learning Engineering Graduate,Not stated,True,,New Grad,,Data & ML/AI,"Durham, North Carolina, United States of America",unknown,499,,Python; Java; SQL; PyTorch; TensorFlow; scikit-learn; HTML/CSS; Tableau,2026-09-13T00:00:00Z,date_only,2026-09-28T08:05:06Z,https://hpe.wd5.myworkdayjobs.com/Jobsathpe/job/Durham-North-Carolina-United-States-of-America/AI-and-Machine-Learning-Engineering-Graduate_1213475
greenhouse:klaviyocampus:7989324003,Klaviyo,Software Engineer I,Class of 2027,False,,New Grad,,Software,"Boston, MA",no-sponsorship,28,,Python; TypeScript; React; Django; AWS; Terraform; Kafka; Redis,2026-09-12T08:05:56-04:00,exact,2026-09-28T08:05:06Z,https://job-boards.greenhouse.io/klaviyocampus/jobs/7989324003
greenhouse:roku:8188714,Roku,"Software Engineer, Early Careers focused on AI and UI",Not stated,True,,Early Career,,Data & ML/AI,"San Jose, California",no-sponsorship,283,,,2026-09-11T11:14:20-04:00,exact,2026-09-28T08:05:06Z,https://www.weareroku.com/jobs/8188714?gh_jid=8188714
greenhouse:spacex:8802897002,SpaceX,"New Graduate Engineer, Security Software (Starshield)",Class of 2027,False,,New Grad,,Security,"Washington, DC",unknown,,$20k/yr,Python; C++; Go,2026-09-11T19:36:47-04:00,exact,2026-09-28T08:05:06Z,https://boards.greenhouse.io/spacex/jobs/8802897002?gh_jid=8802897002
workday:hpe:/job/Spring-Texas-United-States-of-America/Embedded-Software-Test-Engineer-Graduate_1213438-1,Hewlett Packard Enterprise,Embedded Software Test Engineer Graduate,Not stated,True,,New Grad,,Software,"Spring, Texas, United States of America",unknown,499,,Python; HTML/CSS; Linux,2026-09-11T00:00:00Z,date_only,2026-09-28T08:05:06Z,https://hpe.wd5.myworkdayjobs.com/Jobsathpe/job/Spring-Texas-United-States-of-America/Embedded-Software-Test-Engineer-Graduate_1213438-1
greenhouse:grvty:4401839009,GRVTY,Junior Software Engineer,Not stated,True,,Junior / Associate,,Software,"Aurora, Colorado, United States; Sterling, Virginia, United States",citizens-only,,,Python; Bash; Flask; Kubernetes; Docker; Git; PostgreSQL; Redis,2026-09-10T12:21:41-04:00,exact,2026-09-28T08:05:06Z,https://job-boards.greenhouse.io/grvty/jobs/4401839009
lever:sep:f7ad9ffb-03dc-4fb2-9a92-e5f04a85ba08,SEP,"Software Engineer (2027 start dates, in person)",Class of 2027,False,,New Grad,,Software,"Westfield, IN",no-sponsorship,,,,2026-09-10T13:54:03Z,exact,2026-09-28T08:05:06Z,https://jobs.lever.co/sep/f7ad9ffb-03dc-4fb2-9a92-e5f04a85ba08
lever:wyetechllc:1fe7707e-a4c1-41ad-a189-893767e8d40e,Wyetech,Software Engineer 1,Not stated,True,,New Grad,,Software,"Annapolis Junction, Maryland",citizens-only,,52–107 USD/hr,Python; Java; AWS; Linux; Git,2026-09-10T15:23:48Z,exact,2026-09-28T08:05:06Z,https://jobs.lever.co/wyetechllc/1fe7707e-a4c1-41ad-a189-893767e8d40e
ashby:greenboard:e5deef5b-8667-48d7-be48-a0b6616eaba5,Greenboard,Software Engineer (2027 Grads),Class of 2027,False,,New Grad,,Software,New York City,unknown,,$130K – $150K • Offers Equity,Python; AWS,2026-09-09T21:12:46.014+00:00,exact,2026-09-28T08:05:06Z,https://jobs.ashbyhq.com/greenboard/e5deef5b-8667-48d7-be48-a0b6616eaba5
ashby:replit:b5e81eae-06f9-4798-8988-2d06ca936dbc,Replit,Software Engineer - New Grad (2027),Class of 2027,False,,New Grad,,Software,"Foster City, CA",unknown,2,$140K – $180K • Offers Equity • Offers Bonus • Performance Based Bonus,Python; Rust; TypeScript; JavaScript; React; Node.js; Git,2026-09-09T18:23:24.396+00:00,exact,2026-09-28T08:05:06Z,https://jobs.ashbyhq.com/replit/b5e81eae-06f9-4798-8988-2d06ca936dbc
workday:generalmotors:/job/Sunnyvale-California-United-States-of-America/ML-Systems-Engineer--Data-Labeling-Engineering---Early-Career_JR-202619939,General Motors,"ML Systems Engineer, Data Labeling Engineering - Early Career",Class of 2026,False,,Early Career,,Data & ML/AI,"Sunnyvale, California, United States of America",unknown,928,,Python; Java; C++; Go; TypeScript; JavaScript; SQL; React,2026-09-09T00:00:00Z,date_only,2026-09-28T08:05:06Z,https://generalmotors.wd5.myworkdayjobs.com/Careers_GM/job/Sunnyvale-California-United-States-of-America/ML-Systems-Engineer--Data-Labeling-Engineering---Early-Career_JR-202619939
workday:generalmotors:/job/Sunnyvale-California-United-States-of-America/Software-Engineer--AV-Frameworks---Early-Career_JR-202619943,General Motors,"Software Engineer, AV Frameworks – Early Career",Class of 2026,False,,Early Career,,Software,"Sunnyvale, California, United States of America",unknown,928,,Python; C++; Linux; ROS,2026-09-09T00:00:00Z,date_only,2026-09-28T08:05:06Z,https://generalmotors.wd5.myworkdayjobs.com/Careers_GM/job/Sunnyvale-California-United-States-of-America/Software-Engineer--AV-Frameworks---Early-Career_JR-202619943
workday:globalhr:/job/US-IA-CEDAR-RAPIDS-193--1120-Collins-Rd-NE--BLDG193/Flight-Control-Software-Engineer-I--Onsite-_01870923,RTX,Flight Control Software Engineer I (Onsite),Not stated,True,,New Grad,,Software,US-IA-CEDAR RAPIDS-193 ~ 1120 Collins Rd NE ~ BLDG193,citizens-only,,,C++; MATLAB,2026-09-09T00:00:00Z,date_only,2026-09-28T08:05:06Z,https://globalhr.wd5.myworkdayjobs.com/rec_rtx_ext_gateway/job/US-IA-CEDAR-RAPIDS-193--1120-Collins-Rd-NE--BLDG193/Flight-Control-Software-Engineer-I--Onsite-_01870923
workday:globalhr:/job/US-IA-CEDAR-RAPIDS-193--1120-Collins-Rd-NE--BLDG193/Flight-Control-Software-Engineer-I--Onsite-_01871018,RTX,Flight Control Software Engineer I (Onsite),Not stated,True,,New Grad,,Software,US-IA-CEDAR RAPIDS-193 ~ 1120 Collins Rd NE ~ BLDG193,unknown,,,C++; MATLAB,2026-09-09T00:00:00Z,date_only,2026-09-28T08:05:06Z,https://globalhr.wd5.myworkdayjobs.com/rec_rtx_ext_gateway/job/US-IA-CEDAR-RAPIDS-193--1120-Collins-Rd-NE--BLDG193/Flight-Control-Software-Engineer-I--Onsite-_01871018
workday:globalhr:/job/US-IA-CEDAR-RAPIDS-193--1120-Collins-Rd-NE--BLDG193/Flight-Control-Software-Engineer-I--Onsite-_01871038,RTX,Flight Control Software Engineer I (Onsite),Not stated,True,,New Grad,,Software,US-IA-CEDAR RAPIDS-193 ~ 1120 Collins Rd NE ~ BLDG193,unknown,,,C++; MATLAB,2026-09-09T00:00:00Z,date_only,2026-09-28T08:05:06Z,https://globalhr.wd5.myworkdayjobs.com/rec_rtx_ext_gateway/job/US-IA-CEDAR-RAPIDS-193--1120-Collins-Rd-NE--BLDG193/Flight-Control-Software-Engineer-I--Onsite-_01871038
workday:globalhr:/job/US-IA-CEDAR-RAPIDS-193--1120-Collins-Rd-NE--BLDG193/Flight-Control-Software-Engineer-I--Onsite-_01871083,RTX,Flight Control Software Engineer I (Onsite),Not stated,True,,New Grad,,Software,US-IA-CEDAR RAPIDS-193 ~ 1120 Collins Rd NE ~ BLDG193,unknown,,,C++; MATLAB,2026-09-09T00:00:00Z,date_only,2026-09-28T08:05:06Z,https://globalhr.wd5.myworkdayjobs.com/rec_rtx_ext_gateway/job/US-IA-CEDAR-RAPIDS-193--1120-Collins-Rd-NE--BLDG193/Flight-Control-Software-Engineer-I--Onsite-_01871083
workday:viavisolutions:/job/Colorado-Springs-CO-USA/Rotational-Program-Development-Engineer_260004989-1,Viavi Solutions,Rotational Program Development Engineer-Generative AI,Not stated,True,,Rotational,,Data & ML/AI,"Colorado Springs, CO USA",unknown,29,,LLMs; Python; Java; TypeScript; JavaScript; SQL; Kubernetes; Docker,2026-09-09T00:00:00Z,date_only,2026-09-28T08:05:06Z,https://viavisolutions.wd1.myworkdayjobs.com/careers/job/Colorado-Springs-CO-USA/Rotational-Program-Development-Engineer_260004989-1
greenhouse:giftogram:4392576009,Giftogram,Junior Full Stack Developer,Not stated,True,,Junior / Associate,,Software,"200 Jefferson Park, Whippany NJ 07981",unknown,,$65k–$80k/yr,JavaScript; SQL; React,2026-09-08T09:42:28-04:00,exact,2026-09-30T20:09:32Z,https://job-boards.greenhouse.io/giftogram/jobs/4392576009
greenhouse:idmeuniversityrecruiting:7986505003,ID.me,Summer 2027 - Data Scientist (New Grad),Class of 2027,False,,New Grad,,Data & ML/AI,"Mountain View, CA",unknown,,,Python; SQL; PyTorch; TensorFlow; scikit-learn; Pandas,2026-09-08T09:45:10-04:00,exact,2026-09-28T08:05:06Z,https://job-boards.greenhouse.io/idmeuniversityrecruiting/jobs/7986505003
greenhouse:spacex:8743362002,SpaceX,"New Graduate Engineer, Software (Starship)",Class of 2027,False,,New Grad,,Software,"Hawthorne, CA",unknown,,$150k/yr,C++; Rust,2026-09-08T17:27:54-04:00,exact,2026-09-28T08:05:06Z,https://boards.greenhouse.io/spacex/jobs/8743362002?gh_jid=8743362002
greenhouse:trueanomalyinc:5232802007,True Anomaly,"Software Engineer I, Elixir (New Grad)",Not stated,True,,New Grad,,Software,"Denver, CO or Long Beach, CA",citizens-only,,,PostgreSQL,2026-09-08T16:58:36-04:00,exact,2026-09-28T08:05:06Z,https://job-boards.greenhouse.io/trueanomalyinc/jobs/5232802007
smartrecruiters:Sia:744000148302879,Sia Partners,"Associate Consultant, Generative AI",Not stated,True,,Junior / Associate,,Data & ML/AI,"New York, NY, United States",unknown,,$80k–$110k/yr,LLMs; Python; AWS; GCP; Azure; Docker; Git,2026-09-08T17:01:47.931Z,exact,2026-09-28T08:05:06Z,https://jobs.smartrecruiters.com/Sia/744000148302879
amazon:amazon:10529546,Amazon,"Software Development Engineer, Amazon Dedicated Cloud, Early Career - 2026, Amazon Dedicated Cloud (ADC)",Class of 2026,False,,Early Career,,Software,"Seattle, Washington, USA",citizens-only,23139,,Python; Java; C++; C#; Rust; TypeScript; SQL; LLMs,2026-09-04T00:00:00Z,date_only,2026-09-30T15:05:24Z,https://www.amazon.jobs/en/jobs/10529546/software-development-engineer-amazon-dedicated-cloud-early-career-2026-amazon-dedicated-cloud-adc
amazon:amazon:10530257,Amazon,"Software Development Engineer, Early Career",Not stated,True,,Early Career,,Software,"Cambridge, Massachusetts, USA",unknown,23139,,Python; Java; C++; C#; Rust; TypeScript; SQL; AWS,2026-09-04T00:00:00Z,date_only,2026-09-30T15:05:24Z,https://www.amazon.jobs/en/jobs/10530257/software-development-engineer-early-career
greenhouse:doordashusa:8163709,DoorDash,"Software Engineer I, Entry-Level (Graduation Date: Fall 2026-Summer 2027) - US",Class of 2027,False,,Entry Level,,Software,"Los Angeles, CA; New York, NY; San Francisco, CA; Sunnyvale, CA; Seattle, WA",unknown,685,,Python; Java; SQL; Kotlin,2026-09-04T06:21:45-04:00,exact,2026-09-28T08:05:06Z,https://job-boards.greenhouse.io/doordashusa/jobs/8163709
greenhouse:garnerhealth:6174210004,Garner Health,Associate Software Engineer,Class of 2027,False,,Junior / Associate,,Software,"New York City, New York",no-sponsorship,,,Python; TypeScript; JavaScript; React; Node.js; AWS; Kubernetes; Docker,2026-09-04T17:38:25-04:00,exact,2026-09-28T08:05:06Z,https://job-boards.greenhouse.io/garnerhealth/jobs/6174210004
greenhouse:grvty:4394819009,GRVTY,Software Engineer 1,Not stated,True,,New Grad,,Software,"Fort Meade, Maryland, United States",unknown,,,Python; Java; Scala; Spark,2026-09-04T14:59:10-04:00,exact,2026-09-28T08:05:06Z,https://job-boards.greenhouse.io/grvty/jobs/4394819009
greenhouse:idmeuniversityrecruiting:7980382003,ID.me,Summer 2027- Software Development Engineer - New Grad,Class of 2027,False,,New Grad,,Software,"Mountain View, CA",unknown,,$130k–$150k/yr,Python; Java; JavaScript; Ruby; AWS; GCP; Azure; Git,2026-09-04T16:04:15-04:00,exact,2026-09-28T08:05:06Z,https://job-boards.greenhouse.io/idmeuniversityrecruiting/jobs/7980382003
greenhouse:scaleai:4730836005,Scale AI,Software Engineer - New Grad,Class of 2027,False,,New Grad,,Software,"San Francisco, CA",unknown,26,,Python; TypeScript; LLMs; React; MongoDB,2026-09-04T11:59:59-04:00,exact,2026-09-28T08:05:06Z,https://job-boards.greenhouse.io/scaleai/jobs/4730836005
ashby:ontic:c4f5bf21-d5a9-488c-9638-631bd58de471,Ontic,Associate DevOps Engineer,Not stated,True,,Junior / Associate,,Software,"Austin, Texas, United States",unknown,,$100K – $115K • Offers Bonus,Python; Bash; AWS; GCP; Azure; Kubernetes; Docker; Linux,2026-09-03T20:04:16.695+00:00,exact,2026-09-28T08:05:06Z,https://jobs.ashbyhq.com/ontic/c4f5bf21-d5a9-488c-9638-631bd58de471
greenhouse:accenturefederalservices:4711147006,Accenture,Associate Software Engineer-Hire-to-Train Program (Pega),Not stated,True,,Junior / Associate,,Software,"Washington, DC",citizens-only,3229,,,2026-09-03T18:18:12-04:00,exact,2026-09-28T08:05:06Z,https://boards.greenhouse.io/accenturefederalservices/jobs/4711147006?gh_jid=4711147006
greenhouse:selffinancial:6181750004,Self Financial,Associate Software Engineer (UI),Not stated,True,,Junior / Associate,,Software,"Austin, TX",citizens-only,7,$90k–$130k/yr,TypeScript; JavaScript; React; HTML/CSS; Git,2026-09-03T17:50:27-04:00,exact,2026-09-28T08:05:06Z,https://job-boards.greenhouse.io/selffinancial/jobs/6181750004
greenhouse:torcrobotics:8649372002,Torc Robotics,"Software Engineer, I - Data Engineering",Not stated,True,,New Grad,,Data & ML/AI,"Ann Arbor, MI, Blacksburg, VA",unknown,42,,Python; JavaScript; Bash; Pandas; React; AWS; Docker; Terraform,2026-09-03T15:23:11-04:00,exact,2026-09-28T08:05:06Z,https://job-boards.greenhouse.io/torcrobotics/jobs/8649372002
ashby:siftstack:0d65481e-e762-4d8f-ae38-5040754a5134,SIFT,Software Engineer – New College Graduate,Not stated,True,,New Grad,,Software,"Marina Del Rey, CA",citizens-only,,$125K – $145K • Offers Equity • Offers Benefits,Rust; TypeScript; React; AWS; Kubernetes; Docker; Linux; Git,2026-09-02T18:06:11.347+00:00,exact,2026-09-28T08:05:06Z,https://jobs.ashbyhq.com/siftstack/0d65481e-e762-4d8f-ae38-5040754a5134
greenhouse:andurilindustries:5228868007,Anduril,2027 Early Career Flight Software Engineer,Class of 2027,False,,Early Career,,Software,"Costa Mesa, California, United States",unknown,,,Python; MATLAB; Computer Vision,2026-09-02T15:33:53-04:00,exact,2026-09-28T08:05:06Z,https://boards.greenhouse.io/andurilindustries/jobs/5228868007?gh_jid=5228868007
oracle:egug.fa.us2.oraclecloud.com:26012796,American Express,"Campus Undergraduate Full-Time Engineer - 2027 Software Engineer I, Enterprise Technology Services- New York, NY",Class of 2027,False,,New Grad,,Software,"New York, NY, United States",unknown,133,,Python; Java; C#; TypeScript; JavaScript; SQL; Swift; Kotlin,2026-09-02,date_only,2026-09-28T08:05:06Z,https://egug.fa.us2.oraclecloud.com/hcmUI/CandidateExperience/en/sites/CX_1/job/26012796
oracle:egug.fa.us2.oraclecloud.com:26012801,American Express,"Campus Undergraduate Full-Time Engineer - 2027 Software Engineer I, Enterprise Technology Services- Sunrise, FL",Class of 2027,False,,New Grad,,Software,"Sunrise, FL, United States",unknown,133,,Python; Java; C#; TypeScript; JavaScript; SQL; Swift; Kotlin,2026-09-02,date_only,2026-09-28T08:05:06Z,https://egug.fa.us2.oraclecloud.com/hcmUI/CandidateExperience/en/sites/CX_1/job/26012801
oracle:egug.fa.us2.oraclecloud.com:26012869,American Express,"Campus Undergraduate Full-Time Engineer - 2027 Software Engineer I, Enterprise Technology Services- Charlotte, NC",Class of 2027,False,,New Grad,,Software,"Charlotte, NC, United States",unknown,133,,Python; Java; C#; TypeScript; JavaScript; SQL; Swift; Kotlin,2026-09-02,date_only,2026-09-28T08:05:06Z,https://egug.fa.us2.oraclecloud.com/hcmUI/CandidateExperience/en/sites/CX_1/job/26012869
ashby:valon:e08ad09a-4408-4210-8c1b-da6510f83324,Valon,Software Engineer New Grad,Not stated,True,,New Grad,,Software,New York,unknown,,$135K – $160K • Offers Equity,Python; React; GCP; Kubernetes; Docker,2026-09-01T20:57:49.100+00:00,exact,2026-09-28T08:05:06Z,https://jobs.ashbyhq.com/valon/e08ad09a-4408-4210-8c1b-da6510f83324
oracle:egug.fa.us2.oraclecloud.com:26012982,American Express,"Campus Undergraduate Full-Time Engineer - 2027 AI Engineer I, Enterprise Technology Services- New York, NY",Class of 2027,False,,New Grad,,Data & ML/AI,"New York, NY, United States",unknown,133,,Python; Java; JavaScript; LLMs; Git,2026-09-01,date_only,2026-09-28T08:05:06Z,https://egug.fa.us2.oraclecloud.com/hcmUI/CandidateExperience/en/sites/CX_1/job/26012982
oracle:egug.fa.us2.oraclecloud.com:26012985,American Express,"Campus Undergraduate Full-Time Engineer - 2027 AI Engineer I, Enterprise Technology Services- Sunrise, FL",Class of 2027,False,,New Grad,,Data & ML/AI,"Sunrise, FL, United States",unknown,133,,Python; Java; JavaScript; LLMs; Git,2026-09-01,date_only,2026-09-28T08:05:06Z,https://egug.fa.us2.oraclecloud.com/hcmUI/CandidateExperience/en/sites/CX_1/job/26012985
oracle:egug.fa.us2.oraclecloud.com:26012987,American Express,"Campus Graduate Masters Full-Time Engineer - 2027 AI Engineer I, Enterprise Technology Services- New York, NY",Class of 2027,False,,New Grad,,Data & ML/AI,"New York, NY, United States",unknown,133,,Python; Java; JavaScript; LLMs; Git,2026-09-01,date_only,2026-09-28T08:05:06Z,https://egug.fa.us2.oraclecloud.com/hcmUI/CandidateExperience/en/sites/CX_1/job/26012987
oracle:egug.fa.us2.oraclecloud.com:26012988,American Express,"Campus Graduate Masters Full-Time Engineer - 2027 AI Engineer I, Enterprise Technology Services- Sunrise, FL",Class of 2027,False,,New Grad,,Data & ML/AI,"Sunrise, FL, United States",unknown,133,,Python; Java; JavaScript; LLMs; Git,2026-09-01,date_only,2026-09-28T08:05:06Z,https://egug.fa.us2.oraclecloud.com/hcmUI/CandidateExperience/en/sites/CX_1/job/26012988
oracle:egug.fa.us2.oraclecloud.com:26013252,American Express,"Campus Undergraduate Full-Time Engineer - 2027 AI Engineer I, Enterprise Technology Services- Atlanta, GA",Class of 2027,False,,New Grad,,Data & ML/AI,"Atlanta, GA, United States",unknown,133,,Python; Java; JavaScript; LLMs; Git,2026-09-01,date_only,2026-09-28T08:05:06Z,https://egug.fa.us2.oraclecloud.com/hcmUI/CandidateExperience/en/sites/CX_1/job/26013252
oracle:egug.fa.us2.oraclecloud.com:26013253,American Express,"Campus Undergraduate Full-Time Engineer - 2027 AI Engineer I, Enterprise Technology Services- Palo Alto, CA",Class of 2027,False,,New Grad,,Data & ML/AI,"Palo Alto, CA, United States",unknown,133,,Python; Java; JavaScript; LLMs; Git,2026-09-01,date_only,2026-09-28T08:05:06Z,https://egug.fa.us2.oraclecloud.com/hcmUI/CandidateExperience/en/sites/CX_1/job/26013253
oracle:egug.fa.us2.oraclecloud.com:26013254,American Express,"Campus Undergraduate Full-Time Engineer - 2027 AI Engineer I, Enterprise Technology Services- Phoenix, AZ",Class of 2027,False,,New Grad,,Data & ML/AI,"Phoenix, AZ, United States",unknown,133,,Python; Java; JavaScript; LLMs; Git,2026-09-01,date_only,2026-09-28T08:05:06Z,https://egug.fa.us2.oraclecloud.com/hcmUI/CandidateExperience/en/sites/CX_1/job/26013254
oracle:egug.fa.us2.oraclecloud.com:26013255,American Express,"Campus Graduate Masters Full-Time Engineer - 2027 AI Engineer I, Enterprise Technology Services- Phoenix, AZ",Class of 2027,False,,New Grad,,Data & ML/AI,"Phoenix, AZ, United States",unknown,133,,Python; Java; JavaScript; LLMs; Git,2026-09-01,date_only,2026-09-28T08:05:06Z,https://egug.fa.us2.oraclecloud.com/hcmUI/CandidateExperience/en/sites/CX_1/job/26013255
oracle:egug.fa.us2.oraclecloud.com:26013256,American Express,"Campus Graduate Masters Full-Time Engineer - 2027 AI Engineer I, Enterprise Technology Services- Palo Alto, CA",Class of 2027,False,,New Grad,,Data & ML/AI,"Palo Alto, CA, United States",unknown,133,,Python; Java; JavaScript; LLMs; Git,2026-09-01,date_only,2026-09-28T08:05:06Z,https://egug.fa.us2.oraclecloud.com/hcmUI/CandidateExperience/en/sites/CX_1/job/26013256
oracle:egug.fa.us2.oraclecloud.com:26013258,American Express,"Campus Graduate Masters Full-Time Engineer - 2027 AI Engineer I, Enterprise Technology Services- Atlanta, GA",Class of 2027,False,,New Grad,,Data & ML/AI,"Atlanta, GA, United States",unknown,133,,Python; Java; JavaScript; LLMs; Git,2026-09-01,date_only,2026-09-28T08:05:06Z,https://egug.fa.us2.oraclecloud.com/hcmUI/CandidateExperience/en/sites/CX_1/job/26013258
oracle:egug.fa.us2.oraclecloud.com:26013259,American Express,"Campus Undergraduate Full-Time Engineer - 2027 Software Engineer I, Enterprise Technology Services- Phoenix, AZ",Class of 2027,False,,New Grad,,Software,"Phoenix, AZ, United States",unknown,133,,Python; Java; C#; TypeScript; JavaScript; SQL; Swift; Kotlin,2026-09-01,date_only,2026-09-28T08:05:06Z,https://egug.fa.us2.oraclecloud.com/hcmUI/CandidateExperience/en/sites/CX_1/job/26013259
oracle:egug.fa.us2.oraclecloud.com:26013286,American Express,"Campus Undergraduate Full-Time Analyst - 2027 Data Engineer I, Enterprise Technology Services- Phoenix, AZ",Class of 2027,False,,New Grad,,Data & ML/AI,"Phoenix, AZ, United States",unknown,133,,Python; Java; SQL; PostgreSQL; MongoDB; Redis,2026-09-01,date_only,2026-09-28T08:05:06Z,https://egug.fa.us2.oraclecloud.com/hcmUI/CandidateExperience/en/sites/CX_1/job/26013286
workday:avav:/job/Austin-TX/Entry-Level-Software-Engineer_8600,Avav,Entry-Level Software Engineer,Not stated,True,,Entry Level,,Software,"Austin, TX",citizens-only,,,Python; C++; TypeScript; SQL; Linux; Git; PostgreSQL,2026-09-01T00:00:00Z,date_only,2026-09-28T08:05:06Z,https://avav.wd1.myworkdayjobs.com/avav/job/Austin-TX/Entry-Level-Software-Engineer_8600
workday:equifax:/job/USA---Missouri---St-Louis---Lackland/Site-Reliability-Engineer---Rotational-Development-Program_J00178675,Equifax,Site Reliability Engineer - Rotational Development Program,Class of 2027,False,,Rotational,,Software,USA - Missouri - St. Louis - Lackland,unknown,378,,Java; AWS; GCP; Azure,2026-09-01T00:00:00Z,date_only,2026-09-28T08:05:06Z,https://equifax.wd5.myworkdayjobs.com/UR_External/job/USA---Missouri---St-Louis---Lackland/Site-Reliability-Engineer---Rotational-Development-Program_J00178675
ashby:sierra:149f368c-52d5-408f-ba26-ad888f318a00,Sierra,"Software Engineer, Agent (New Grad 2027)",Class of 2027,False,,New Grad,,Software,"San Francisco, CA",unknown,,$150K – $180K • Offers Equity,TypeScript; LLMs; React,2026-08-31T17:54:40.218+00:00,exact,2026-09-28T08:05:06Z,https://jobs.ashbyhq.com/sierra/149f368c-52d5-408f-ba26-ad888f318a00
greenhouse:everlaw:4705236006,Everlaw,Software Engineer I,Not stated,True,,New Grad,,Software,"Oakland, California, United States",unknown,5,$140k/yr,Python; Java; C++; JavaScript; Linux; Git,2026-08-31T15:12:06-04:00,exact,2026-09-28T08:05:06Z,https://job-boards.greenhouse.io/everlaw/jobs/4705236006
greenhouse:katalyst:6176710004,Katalyst Space Technologies,Recent Graduate - Software Engineer I,Not stated,True,,New Grad,,Software,"Broomfield, Colorado, United States",unknown,,$80k–$105k/yr,Python; C++; Linux,2026-08-31T19:11:46-04:00,exact,2026-09-28T08:05:06Z,https://job-boards.greenhouse.io/katalyst/jobs/6176710004
lever:palantir:701a9307-0619-45d3-b077-cabe9897cd12,Palantir,"Forward Deployed Infrastructure Engineer, New Grad - US Government",Not stated,True,,New Grad,,Software,"Honolulu, HI",unknown,88,$135k–$145k/yr,Python; Java; JavaScript; Bash; LLMs,2026-08-31T16:27:36Z,exact,2026-09-28T08:05:06Z,https://jobs.lever.co/palantir/701a9307-0619-45d3-b077-cabe9897cd12
smartrecruiters:CityofPhiladelphia:744000146469759,City of Philadelphia,Junior Cloud Engineer,Not stated,True,,Junior / Associate,,Software,"Philadelphia, PA, United States",unknown,14,,Python; SQL; AWS,2026-08-31T13:17:11.465Z,exact,2026-09-28T08:05:06Z,https://jobs.smartrecruiters.com/CityofPhiladelphia/744000146469759
workday:relx:/job/Alpharetta-GA/Tech-Accelerate-Graduate-Program---Software-Engineer--Alpharetta---January-_R117617-1,RELX,Tech Accelerate Graduate Program - Software Engineer (Alpharetta - January),Class of 2027,False,,New Grad,,Software,"Alpharetta, GA",unknown,,,Python; Java; C++; JavaScript; SQL; HTML/CSS; AWS; Azure,2026-08-31T00:00:00Z,date_only,2026-09-28T08:05:06Z,https://relx.wd3.myworkdayjobs.com/relx/job/Alpharetta-GA/Tech-Accelerate-Graduate-Program---Software-Engineer--Alpharetta---January-_R117617-1
workday:relx:/job/Alpharetta-GA/Tech-Accelerate-Graduate-Program---Software-Engineer--Alpharetta---June-_R117626-2,RELX,Tech Accelerate Graduate Program - Software Engineer (Alpharetta - June),Class of 2027,False,,New Grad,,Software,"Alpharetta, GA",unknown,,,Python; Java; C++; JavaScript; SQL; HTML/CSS; AWS; Azure,2026-08-31T00:00:00Z,date_only,2026-09-28T08:05:06Z,https://relx.wd3.myworkdayjobs.com/relx/job/Alpharetta-GA/Tech-Accelerate-Graduate-Program---Software-Engineer--Alpharetta---June-_R117626-2
workday:relx:/job/Boca-Raton-FL/Tech-Accelerate-Graduate-Program---Software-Engineer--Boca-Raton---June-_R116023-2,LexisNexis Risk Solutions,Tech Accelerate Graduate Program - Software Engineer (Boca Raton - June),Class of 2027,False,,New Grad,,Software,"Boca Raton, FL",unknown,69,,Python; Java; C++; JavaScript; SQL; HTML/CSS; AWS; Azure,2026-08-31T00:00:00Z,date_only,2026-09-28T08:05:06Z,https://relx.wd3.myworkdayjobs.com/RiskSolutions/job/Boca-Raton-FL/Tech-Accelerate-Graduate-Program---Software-Engineer--Boca-Raton---June-_R116023-2
ashby:solace:77ca492c-4142-4931-beeb-e85d9d0ac443,Solace Health,Associate Data Scientist (College Grad 2027),Class of 2027,False,,New Grad,,Data & ML/AI,"Redwood City, CA",unknown,,,Python; SQL; PyTorch; scikit-learn; Pandas; AWS; Docker; Airflow,2026-08-28T15:00:35.390+00:00,exact,2026-09-28T08:05:06Z,https://jobs.ashbyhq.com/solace/77ca492c-4142-4931-beeb-e85d9d0ac443
ashby:ontic:d50b6bea-876f-43fc-afb9-716efe9eca02,Ontic,Associate Software Engineer - Full Stack,Not stated,True,,Junior / Associate,,Software,"Austin, Texas, United States",unknown,,$80K – $100K • Offers Bonus,Java; TypeScript; JavaScript; React; HTML/CSS; Spring; AWS; GCP,2026-08-27T15:11:53.197+00:00,exact,2026-09-28T08:05:06Z,https://jobs.ashbyhq.com/ontic/d50b6bea-876f-43fc-afb9-716efe9eca02
lever:glsllc:d81bfc16-2ba1-41ca-ab21-7d8cffac9e07,Global Lending Services,Data Scientist - December 2026 - May 2027 Grads,Class of 2027,False,Class of 2027; Class of 2026,New Grad,,Data & ML/AI,"Greenville, South Carolina",unknown,8,,Python; SQL; scikit-learn,2026-08-27T14:37:02Z,exact,2026-09-28T08:05:06Z,https://jobs.lever.co/glsllc/d81bfc16-2ba1-41ca-ab21-7d8cffac9e07
lever:hatchit:7f2e771d-2363-4e85-b62f-ca130c478a97,Hatch IT,Junior Data Engineer (DEA),Not stated,True,,Junior / Associate,,Data & ML/AI,"Arlington, VA",unknown,,,Python; SQL; AWS; GCP; Azure; Git; Hadoop; Airflow,2026-08-27T14:25:29Z,exact,2026-09-28T08:05:06Z,https://jobs.lever.co/hatchit/7f2e771d-2363-4e85-b62f-ca130c478a97
breezy:jnd-inc:87fd346a82c7,JND,[Entry Level] Software Tester (2608-2),Not stated,True,,Entry Level,,Software,"Plano, TX",unknown,,$28 – $32 / hour,,2026-08-26T17:15:06.587Z,exact,2026-09-28T08:05:06Z,https://jnd-inc.breezy.hr/p/87fd346a82c7-entry-level-software-tester-2608-2
greenhouse:teletrackingtechnologiesinc:5397299008,TeleTracking,Software Engineer I,Not stated,True,,New Grad,,Software,"Pittsburgh, PA",unknown,,,Java; AWS,2026-08-26T14:00:43-04:00,exact,2026-09-28T08:05:06Z,https://job-boards.greenhouse.io/teletrackingtechnologiesinc/jobs/5397299008
greenhouse:trueanomalyinc:5223279007,True Anomaly,Data Engineer I,Not stated,True,,New Grad,,Data & ML/AI,"Denver, CO or Long Beach, CA",citizens-only,,,Python; SQL; Git; Kafka; Airflow; dbt,2026-08-26T19:28:11-04:00,exact,2026-09-28T08:05:06Z,https://job-boards.greenhouse.io/trueanomalyinc/jobs/5223279007
lever:deltasands:78ed860f-7c69-4888-9a05-e8c9006be291,Deltasands,Junior Software Engineer,Not stated,True,,Junior / Associate,,Software,"Colorado Springs, CO",unknown,,,Java; C++; C#,2026-08-26T18:50:30Z,exact,2026-09-30T20:09:32Z,https://jobs.lever.co/deltasands/78ed860f-7c69-4888-9a05-e8c9006be291
amazon:amazon:10513110,Amazon,"Software Development Engineer, Amazon Leo, Early Career - 2026",Class of 2026,False,,Early Career,,Software,"Redmond, Washington, USA",citizens-only,23139,,Python; Java; C++; C#; Rust; TypeScript; SQL; LLMs,2026-08-25T00:00:00Z,date_only,2026-09-30T15:05:24Z,https://www.amazon.jobs/en/jobs/10513110/software-development-engineer-amazon-leo-early-career-2026
ashby:deeter-analytics:a93aae94-6025-4977-a5c0-657874c6a230,Deeter Analytics,Junior Quantitative Researcher,Not stated,True,,Junior / Associate,yes,Quant,US - Remote,unknown,,,Python; SQL; Pandas,2026-08-25T14:17:28.756+00:00,exact,2026-09-28T08:05:06Z,https://jobs.ashbyhq.com/deeter-analytics/a93aae94-6025-4977-a5c0-657874c6a230
ashby:maximor:67d0c7d0-fddb-4b8d-aed8-0647337a988e,Maximor AI,Software Engineer (New Grad),Not stated,True,,New Grad,,Software,New York City,unknown,,,Python; Java; C++; Rust; LLMs; MongoDB,2026-08-25T15:31:13.136+00:00,exact,2026-09-28T08:05:06Z,https://jobs.ashbyhq.com/maximor/67d0c7d0-fddb-4b8d-aed8-0647337a988e
ashby:solace:bbdb1020-2900-4d63-908a-20cea79a65cd,Solace Health,Associate Platform Engineer (College Grad 2027),Class of 2027,False,,New Grad,,Software,"Redwood City, CA",unknown,,,PyTorch; AWS; GCP; Kubernetes; Linux,2026-08-25T19:18:19.468+00:00,exact,2026-09-28T08:05:06Z,https://jobs.ashbyhq.com/solace/bbdb1020-2900-4d63-908a-20cea79a65cd
ashby:solace:db008474-d93e-41a7-939e-8d5825eb0d0f,Solace Health,Associate Software Engineer (College Grad 2027),Class of 2027,False,,New Grad,,Software,"Redwood City, CA",unknown,,,Python; Java; TypeScript; JavaScript; PyTorch; React; Node.js; HTML/CSS,2026-08-25T19:19:11.319+00:00,exact,2026-09-28T08:05:06Z,https://jobs.ashbyhq.com/solace/db008474-d93e-41a7-939e-8d5825eb0d0f
greenhouse:alarmcom:8622530002,Alarm.com,Embedded Software Engineer I,Not stated,True,,New Grad,,Software,"Tysons, Virginia",unknown,10,,C++; Linux; Git,2026-08-25T10:05:03-04:00,exact,2026-09-28T08:05:06Z,https://job-boards.greenhouse.io/alarmcom/jobs/8622530002
greenhouse:flowtraders:8156203,Flow Traders,PhD Graduate Quantitative Researcher,Not stated,True,,New Grad,,Quant,New York,unknown,,$175k/yr,Python; C++,2026-08-25T07:54:56-04:00,exact,2026-09-28T08:05:06Z,https://job-boards.greenhouse.io/flowtraders/jobs/8156203
greenhouse:freedomconsulting:5221705007,Freedom Technology Solutions Group,Junior Software Engineer 760,Not stated,True,,Junior / Associate,,Software,"Annapolis Junction, MD",unknown,,$130k–$150k/yr,TypeScript; JavaScript; Node.js; Express; Angular; Vue; AWS; Docker,2026-08-25T15:27:35-04:00,exact,2026-09-28T08:05:06Z,https://job-boards.greenhouse.io/freedomconsulting/jobs/5221705007
greenhouse:metron:5211456007,Metron,Associate Software Engineer,Class of 2027,False,,Junior / Associate,,Software,"Reston, VA",citizens-only,,,Python; Java; C++; TypeScript; React; Spring; MongoDB,2026-08-25T09:24:26-04:00,exact,2026-09-28T08:05:06Z,https://job-boards.greenhouse.io/metron/jobs/5211456007
greenhouse:torcrobotics:8728723002,Torc Robotics,"ML Engineer, I - MLOps Framework",Not stated,True,,New Grad,yes,Data & ML/AI,Remote - US,unknown,42,,Python; PyTorch; Pandas; Terraform,2026-08-25T14:44:24-04:00,exact,2026-09-28T08:05:06Z,https://job-boards.greenhouse.io/torcrobotics/jobs/8728723002
greenhouse:trueanomalyinc:5221555007,True Anomaly,"Software Engineer I, Spacecraft Simulation (New Grad)",Not stated,True,,New Grad,,Software,"Denver, CO or Long Beach, CA",citizens-only,,,Python; C++; Git,2026-08-25T14:33:07-04:00,exact,2026-09-28T08:05:06Z,https://job-boards.greenhouse.io/trueanomalyinc/jobs/5221555007
greenhouse:trueanomalyinc:5221560007,True Anomaly,"Software Engineer I, Data Science (New Grad)",Not stated,True,,New Grad,,Data & ML/AI,"Denver, CO or Long Beach, CA",citizens-only,,,Python; SQL; scikit-learn; Pandas; Git; Tableau,2026-08-25T14:35:15-04:00,exact,2026-09-28T08:05:06Z,https://job-boards.greenhouse.io/trueanomalyinc/jobs/5221560007
greenhouse:trueanomalyinc:5221572007,True Anomaly,Flight Software Engineer I (Temp-to-hire),Not stated,True,,New Grad,,Software,"Denver, CO or Long Beach, CA",citizens-only,,,C++; Rust; Azure; Linux,2026-08-25T14:31:43-04:00,exact,2026-09-28T08:05:06Z,https://job-boards.greenhouse.io/trueanomalyinc/jobs/5221572007
greenhouse:trueanomalyinc:5221970007,True Anomaly,"Software Engineer I, Perception (New Grad)",Not stated,True,,New Grad,,Software,"Denver, CO or Long Beach, CA",citizens-only,,,Python; C++; PyTorch; TensorFlow; Computer Vision,2026-08-25T18:01:01-04:00,exact,2026-09-28T08:05:06Z,https://job-boards.greenhouse.io/trueanomalyinc/jobs/5221970007
greenhouse:freedomconsulting:5219731007,Freedom Technology Solutions Group,Junior DevOps System Administrator 758,Not stated,True,,Junior / Associate,,Software,"Annapolis Junction, MD",unknown,,$120k–$160k/yr,AWS; Linux,2026-08-24T09:28:03-04:00,exact,2026-09-28T08:05:06Z,https://job-boards.greenhouse.io/freedomconsulting/jobs/5219731007
lever:steerbridge:718b3135-d15d-4cbc-9541-1cbb8a6f5ec5,SteerBridge,Junior Software Engineer,Not stated,True,,Junior / Associate,,Software,"Vienna, VA",citizens-only,,"75,000–110,000 USD/yr",TypeScript; JavaScript; React; Node.js; Express; Docker; Git; PostgreSQL,2026-08-24T20:07:32Z,exact,2026-09-28T08:05:06Z,https://jobs.lever.co/steerbridge/718b3135-d15d-4cbc-9541-1cbb8a6f5ec5
smartrecruiters:SopraSteria1:744000145341359,Sopra Steria,Embedded Software Verification Engineer (Entry Level),Not stated,True,,Entry Level,,Software,"East Hartford, CT, United States (Hybrid)",citizens-only,,,Python; C++,2026-08-24T18:10:30.534Z,exact,2026-09-28T08:05:06Z,https://jobs.smartrecruiters.com/SopraSteria1/744000145341359
greenhouse:trueanomalyinc:5218935007,True Anomaly,DevOps Engineer I (New Grad),Not stated,True,,New Grad,,Software,"Denver, CO or Long Beach, CA.",citizens-only,,,Python; Bash; AWS; GCP; Azure; Kubernetes; Docker; Terraform,2026-08-21T16:01:36-04:00,exact,2026-09-28T08:05:06Z,https://job-boards.greenhouse.io/trueanomalyinc/jobs/5218935007
greenhouse:axon:7908209003,Axon,Software QA Engineer I,Not stated,True,,New Grad,,Software,"Seattle, Washington, United States",unknown,,,,2026-08-20T16:50:07-04:00,exact,2026-09-28T08:05:06Z,https://job-boards.greenhouse.io/axon/jobs/7908209003
lever:datalabusa:dd9a80d9-a296-4ea9-a231-b68bf268e8ea,Datalab USA,Production Programmer - Entry Level SQL Developer,Not stated,True,,Entry Level,,Software,"Germantown, MD",no-sponsorship,4,"65,000–75,000 USD/yr",SQL,2026-08-20T01:49:32Z,exact,2026-09-28T08:05:06Z,https://jobs.lever.co/datalabusa/dd9a80d9-a296-4ea9-a231-b68bf268e8ea
lever:mulliganfunding:1eee966d-c798-4b4f-937d-7e2f73b00287,Mulligan Funding,Data Scientist I - Full Stack Management Trainee,Not stated,True,,New Grad,,Data & ML/AI,"San Diego, CA",unknown,,"90,000–107,300 USD/yr",Git,2026-08-20T17:25:26Z,exact,2026-09-28T08:05:06Z,https://jobs.lever.co/mulliganfunding/1eee966d-c798-4b4f-937d-7e2f73b00287
lever:mulliganfunding:53531dc7-9593-44ea-8b42-2995664968a3,Mulligan Funding,Data Scientist I - Management Trainee,Not stated,True,,New Grad,,Data & ML/AI,"San Diego, CA",unknown,,"82,800–90,000 USD/yr",Python; SQL,2026-08-20T17:22:19Z,exact,2026-09-28T08:05:06Z,https://jobs.lever.co/mulliganfunding/53531dc7-9593-44ea-8b42-2995664968a3
smartrecruiters:NationalSoftwareManagement1:744000144639269,National Software Management,Entry Level Data Analyst / Business Analyst,Not stated,True,,Entry Level,yes,Data & ML/AI,"Jersey City, NJ, United States (Remote)",unknown,,,,2026-08-20T20:57:44.477Z,exact,2026-09-28T08:05:06Z,https://jobs.smartrecruiters.com/NationalSoftwareManagement1/744000144639269
greenhouse:freeformfuturecorp:7895902003,Freeform,Software Engineer (New Grad Summer 2027),Class of 2027,False,,New Grad,,Software,"Los Angeles, CA (On-site)",unknown,,,C++; Rust; Linux,2026-08-19T18:58:18-04:00,exact,2026-09-28T08:05:06Z,https://job-boards.greenhouse.io/freeformfuturecorp/jobs/7895902003
greenhouse:spacex:8724316002,SpaceX,"New Graduate Engineer, Software Security - '26/'27 (Starlink)",Class of 2027,False,Class of 2027; Class of 2026,New Grad,,Security,"Hawthorne, CA",unknown,,,Python; C++; Go,2026-08-19T11:08:34-04:00,exact,2026-09-28T08:05:06Z,https://boards.greenhouse.io/spacex/jobs/8724316002?gh_jid=8724316002
greenhouse:spacex:8730567002,SpaceX,"New Graduate Engineer, Software (Application Software)",Class of 2027,False,,New Grad,,Software,"Hawthorne, CA",unknown,,,Python; C++; C#,2026-08-19T15:20:00-04:00,exact,2026-09-28T08:05:06Z,https://boards.greenhouse.io/spacex/jobs/8730567002?gh_jid=8730567002
ashby:notion:e32799d2-8ef8-4803-8189-c72514afa816,Notion,"Software Engineer, New Grad (Dec 2026)",Class of 2026,False,,New Grad,,Software,"San Francisco, California",unknown,,,Python; TypeScript; JavaScript; React; Node.js; HTML/CSS; PostgreSQL; MongoDB,2026-08-14T19:12:39.557+00:00,exact,2026-09-28T08:05:06Z,https://jobs.ashbyhq.com/notion/e32799d2-8ef8-4803-8189-c72514afa816
greenhouse:spacex:8696058002,SpaceX,"New Graduate Engineer, Software - '26/'27 (Starlink)",Class of 2027,False,Class of 2027; Class of 2026,New Grad,,Software,"Redmond, WA",unknown,,,Python; C++; C#,2026-08-14T12:22:04-04:00,exact,2026-09-28T08:05:06Z,https://boards.greenhouse.io/spacex/jobs/8696058002?gh_jid=8696058002
greenhouse:spacex:8696080002,SpaceX,"New Graduate Engineer, Software - '26/'27 (Starlink)",Class of 2027,False,Class of 2027; Class of 2026,New Grad,,Software,"Palo Alto, CA",unknown,,,Python; C++; C#,2026-08-14T12:22:28-04:00,exact,2026-09-28T08:05:06Z,https://boards.greenhouse.io/spacex/jobs/8696080002?gh_jid=8696080002
greenhouse:spacex:8696097002,SpaceX,"New Graduate Engineer, Software  - '26/'27  (Starlink)",Class of 2027,False,Class of 2027; Class of 2026,New Grad,,Software,"Bastrop, TX",unknown,,,Python; C++; C#,2026-08-14T12:22:47-04:00,exact,2026-09-28T08:05:06Z,https://boards.greenhouse.io/spacex/jobs/8696097002?gh_jid=8696097002
greenhouse:dvtrading:4719126005,DV Trading,2027 Graduate Software Engineer (DV Commodities),Class of 2027,False,,New Grad,,Software,New York,unknown,,,Python; C++; Linux,2026-08-10T18:22:11-04:00,exact,2026-09-28T08:05:06Z,https://job-boards.greenhouse.io/dvtrading/jobs/4719126005
lever:weride:5a7cbc83-2381-482e-9d6d-e9c9d59ad63b,WeRide,"New Grads 2027 - Software Engineer, Algorithm",Class of 2027,False,,New Grad,,Software,"San Jose, CA",no-sponsorship,27,"120,000–165,000 USD/yr",Python; C++; PyTorch; TensorFlow; Computer Vision,2026-08-10T20:44:19Z,exact,2026-09-28T08:05:06Z,https://jobs.lever.co/weride/5a7cbc83-2381-482e-9d6d-e9c9d59ad63b
lever:weride:5cde0d09-ba2d-408d-947e-4a42028cd4f7,WeRide,New Grads 2027 - Software Engineer - Perception/Computer Vision,Class of 2027,False,,New Grad,,Data & ML/AI,"San Jose, CA",no-sponsorship,27,"120,000–165,000 USD/yr",Computer Vision; Python; C++; LLMs,2026-08-10T20:42:21Z,exact,2026-09-28T08:05:06Z,https://jobs.lever.co/weride/5cde0d09-ba2d-408d-947e-4a42028cd4f7
greenhouse:freeformfuturecorp:7826634003,Freeform,Software Engineer (New Grad December 2026),Class of 2026,False,,New Grad,,Software,"Los Angeles, CA (On-site)",unknown,,,C++; Rust; Linux,2026-08-07T17:16:38-04:00,exact,2026-09-28T08:05:06Z,https://job-boards.greenhouse.io/freeformfuturecorp/jobs/7826634003
greenhouse:roblox:8072244,Roblox,"[2027] Software Engineer, Early Career",Class of 2027,False,,Early Career,,Software,"San Mateo, CA, United States",unknown,186,,Python; Java; C++; C#; Swift; Ruby; LLMs; Node.js,2026-08-05T12:03:38-04:00,exact,2026-09-28T08:05:06Z,https://careers.roblox.com/jobs/8072244?gh_jid=8072244
lever:belvederetrading:2f6480e5-7bf1-4c41-b3b5-3c7404d95b5f,Belvedere Trading,Software Engineer - Entry Level 2027,Class of 2027,False,,Entry Level,,Software,"Chicago, Illinois",unknown,,"140,000 USD/yr",Java; C++; C#,2026-08-04T16:48:33Z,exact,2026-09-28T08:05:06Z,https://jobs.lever.co/belvederetrading/2f6480e5-7bf1-4c41-b3b5-3c7404d95b5f
lever:belvederetrading:34369a5c-55c0-4e9f-9d2e-4f21b9418bee,Belvedere Trading,Quantitative Trader - Entry Level 2027,Class of 2027,False,,Entry Level,,Quant,"Chicago, Illinois",unknown,,"140,000 USD/yr",Python; C++; C#,2026-08-04T17:44:59Z,exact,2026-09-28T08:05:06Z,https://jobs.lever.co/belvederetrading/34369a5c-55c0-4e9f-9d2e-4f21b9418bee
greenhouse:oldmissioncapital:7814534003,Old Mission Capital,Quantitative Researcher (Ph.D.) - 2027 Graduate Program - (August Start),Class of 2027,False,,New Grad,,Quant,"Chicago, IL, United States",unknown,8,,Python; C++,2026-07-30T11:34:33-04:00,exact,2026-09-28T08:05:06Z,https://www.oldmissioncapital.com/careers/?gh_jid=7814534003
ashby:color-health:41fa6f16-b2f2-46c6-bdb4-9aae3b9b5b96,Color,"Software Engineer, New Grad 2026",Class of 2026,False,,New Grad,,Software,"South San Francisco, California",unknown,,$125k–$140k/yr,Python; SQL; LLMs; React; HTML/CSS; Django; AWS,2026-07-28T00:23:24.906+00:00,exact,2026-09-28T08:05:06Z,https://jobs.ashbyhq.com/color-health/41fa6f16-b2f2-46c6-bdb4-9aae3b9b5b96
workday:nvidia:/job/US-WA-Seattle/Research-Scientist--Robotics-Research----PhD-New-College-Grad-2026_JR2011473,NVIDIA,"Research Scientist, Robotics Research -  PhD New College Grad 2026",Class of 2026,False,,New Grad,,Data & ML/AI,"US, WA, Seattle",unknown,1526,,Python; C++; PyTorch; Computer Vision; CUDA; ROS,2026-07-24T00:00:00Z,date_only,2026-09-28T08:05:06Z,https://nvidia.wd5.myworkdayjobs.com/NVIDIAExternalCareerSite/job/US-WA-Seattle/Research-Scientist--Robotics-Research----PhD-New-College-Grad-2026_JR2011473
greenhouse:ctccampusboard:4708724005,Chicago Trading Company,Quant Trading Associate - 2027 Start,Class of 2027,False,,New Grad,,Quant,"Chicago, IL",unknown,,,Python,2026-07-15T11:12:54-04:00,exact,2026-09-28T08:05:06Z,https://job-boards.greenhouse.io/ctccampusboard/jobs/4708724005
greenhouse:oldmissioncapital:7796031003,Old Mission Capital,Quantitative Trader – 2027 Graduate Program (February Start),Class of 2027,False,,New Grad,,Quant,"Chicago, IL or New York, NY",unknown,8,,Python; C++,2026-07-13T15:39:19-04:00,exact,2026-09-28T08:05:06Z,https://www.oldmissioncapital.com/careers/?gh_jid=7796031003
greenhouse:oldmissioncapital:7796044003,Old Mission Capital,Quantitative Trader – 2027 Graduate Program (August Start),Class of 2027,False,,New Grad,,Quant,"Chicago, IL or New York, NY",unknown,8,,Python; C++,2026-07-13T15:33:00-04:00,exact,2026-09-28T08:05:06Z,https://www.oldmissioncapital.com/careers/?gh_jid=7796044003
greenhouse:oldmissioncapital:7796048003,Old Mission Capital,Software Engineer – 2027 Graduate Program (August Start),Class of 2027,False,,New Grad,,Software,"Chicago, IL, United States",unknown,8,,Python; C++; JavaScript; SQL; React; Linux,2026-07-13T15:46:19-04:00,exact,2026-09-28T08:05:06Z,https://www.oldmissioncapital.com/careers/?gh_jid=7796048003
greenhouse:wehrtyou:8052050,Hudson River Trading,Algorithm Developer (Quant Research & Trading) – 2027 Grads,Class of 2027,False,,New Grad,,Quant,"London, United Kingdom; New York, NY, United States; Singapore",unknown,29,,Python; C++; MATLAB; Pandas,2026-07-13T11:37:24-04:00,exact,2026-09-28T08:05:06Z,https://www.hudsonrivertrading.com/careers/job/?gh_jid=8052050
greenhouse:wehrtyou:8052122,Hudson River Trading,Software Engineer (C++ or Python) – 2027 Grads,Class of 2027,False,,New Grad,,Software,"Austin, TX, United States; Chicago, Illinois, United States; London, United Kingdom; New York, NY, United States; Singapore",unknown,29,,Python; C++; Linux,2026-07-13T11:30:48-04:00,exact,2026-09-28T08:05:06Z,https://www.hudsonrivertrading.com/careers/job/?gh_jid=8052122
greenhouse:momentumcompany3:8614696002,Momentum,2027 Launch Graduate Program: Associate Cybersecurity Analyst,Class of 2027,False,,New Grad,,Security,"Dallas, Texas",unknown,,,Python; Bash,2026-07-08T14:32:07-04:00,exact,2026-09-28T08:05:06Z,https://job-boards.greenhouse.io/momentumcompany3/jobs/8614696002
workday:globalfoundries:/job/USA---Texas---Austin/Global-Tapeout-and-Mask-Operations--Biz-App-and-Data-Engineer--2026-New-College-Graduate-_JR-2502471-1,GlobalFoundries,"Global Tapeout and Mask Operations, Biz App and Data Engineer (2026 New College Graduate)",Class of 2026,False,,New Grad,,Data & ML/AI,USA - Texas - Austin,unknown,,,Python; Angular; AWS; Git,2026-06-24T00:00:00Z,date_only,2026-09-28T08:05:06Z,https://globalfoundries.wd1.myworkdayjobs.com/External/job/USA---Texas---Austin/Global-Tapeout-and-Mask-Operations--Biz-App-and-Data-Engineer--2026-New-College-Graduate-_JR-2502471-1
workday:nvidia:/job/US-CA-Santa-Clara/Software-Quality-Assurance-Engineer---2026-New-College-Grad_JR2019924-1,NVIDIA,Software Quality Assurance Engineer - 2026 New College Grad,Class of 2026,False,,New Grad,,Software,"US, CA, Santa Clara",unknown,1526,,Python; C++; C#; Bash; LLMs; CUDA; Linux,2026-06-15T00:00:00Z,date_only,2026-09-28T08:05:06Z,https://nvidia.wd5.myworkdayjobs.com/NVIDIAExternalCareerSite/job/US-CA-Santa-Clara/Software-Quality-Assurance-Engineer---2026-New-College-Grad_JR2019924-1
greenhouse:andurilindustries:5162263007,Anduril,2027 Early Career Software Engineer,Class of 2027,False,,Early Career,,Software,"Atlanta, Georgia, United States; Boston, Massachusetts, United States; Broomfield, Colorado, United States; Colorado Springs, Colorado, United States; Costa Mesa, California, United States; Fort Collins, Colorado, United States; Irvine, California, United States; Reston, Virginia, United States; Seattle, Washington, United States",unknown,,,Python; Java; C++; Rust; Computer Vision,2026-06-11T12:31:23-04:00,exact,2026-09-28T08:05:06Z,https://boards.greenhouse.io/andurilindustries/jobs/5162263007?gh_jid=5162263007
workday:nvidia:/job/US-CA-Santa-Clara/Research-Scientist--Efficient-Deep-Learning---New-College-Grad-2026_JR2019729-1,NVIDIA,"Research Scientist, Efficient Deep Learning - New College Grad 2026",Class of 2026,False,,New Grad,,Data & ML/AI,"US, CA, Santa Clara",unknown,1526,,Python; C++; PyTorch; LLMs; Computer Vision; CUDA,2026-06-11T00:00:00Z,date_only,2026-09-28T08:05:06Z,https://nvidia.wd5.myworkdayjobs.com/NVIDIAExternalCareerSite/job/US-CA-Santa-Clara/Research-Scientist--Efficient-Deep-Learning---New-College-Grad-2026_JR2019729-1
workday:nvidia:/job/US-CA-Santa-Clara/Research-Scientist--Electronic-Design-Automation---New-College-Grad-2026_JR2012979,NVIDIA,"Research Scientist, Electronic Design Automation - New College Grad 2026",Class of 2026,False,,New Grad,,Data & ML/AI,"US, CA, Santa Clara",unknown,1526,,Python; C++; PyTorch; CUDA,2026-06-03T00:00:00Z,date_only,2026-09-28T08:05:06Z,https://nvidia.wd5.myworkdayjobs.com/NVIDIAExternalCareerSite/job/US-CA-Santa-Clara/Research-Scientist--Electronic-Design-Automation---New-College-Grad-2026_JR2012979
workday:nvidia:/job/US-CA-Santa-Clara/Software-Engineer--Hardware-Tools-and-Methodology---New-College-Grad-2026_JR2018659,NVIDIA,"Software Engineer, Hardware Tools and Methodology - New College Grad 2026",Class of 2026,False,,New Grad,,Hardware,"US, CA, Santa Clara",unknown,1526,,Python; C++; Verilog,2026-06-03T00:00:00Z,date_only,2026-09-28T08:05:06Z,https://nvidia.wd5.myworkdayjobs.com/NVIDIAExternalCareerSite/job/US-CA-Santa-Clara/Software-Engineer--Hardware-Tools-and-Methodology---New-College-Grad-2026_JR2018659
ashby:ellipsislabs:256c2ec2-01c8-4ff6-9ad0-b926fe40472d,Ellipsis Labs,Software Engineer - 2027 New Grads,Class of 2027,False,,New Grad,,Software,"New York, New York",unknown,,$150K – $200K • Offers Equity,Python; Java; C++; Rust; TypeScript; JavaScript; React; Docker,2026-03-26T19:41:41.029+00:00,exact,2026-09-28T08:05:06Z,https://jobs.ashbyhq.com/ellipsislabs/256c2ec2-01c8-4ff6-9ad0-b926fe40472d
workday:nvidia:/job/US-CA-Santa-Clara/Research-Scientist--Fundamental-Generative-AI---New-College-Grad-2026_JR2012698,NVIDIA,"Research Scientist, Fundamental Generative AI - New College Grad 2026",Class of 2026,False,,New Grad,,Data & ML/AI,"US, CA, Santa Clara",unknown,1526,,LLMs; Python; C++; PyTorch; CUDA,2026-02-03T00:00:00Z,date_only,2026-09-28T08:05:06Z,https://nvidia.wd5.myworkdayjobs.com/NVIDIAExternalCareerSite/job/US-CA-Santa-Clara/Research-Scientist--Fundamental-Generative-AI---New-College-Grad-2026_JR2012698
workday:nvidia:/job/US-CA-Santa-Clara/Research-Scientist--AI-for-Graphics-and-Gaming---New-College-Grad-2026_JR2011267,NVIDIA,"Research Scientist, AI for Graphics and Gaming - New College Grad 2026",Class of 2026,False,,New Grad,,Data & ML/AI,"US, CA, Santa Clara",unknown,1526,,PyTorch; LLMs; Computer Vision; CUDA,2026-01-27T00:00:00Z,date_only,2026-09-28T08:05:06Z,https://nvidia.wd5.myworkdayjobs.com/NVIDIAExternalCareerSite/job/US-CA-Santa-Clara/Research-Scientist--AI-for-Graphics-and-Gaming---New-College-Grad-2026_JR2011267
lever:veeva:52ba79af-1086-457d-b5d2-8e184f111ffd,Veeva Systems,Associate Software Engineer - 2027 Start Dates,Class of 2027,False,,Junior / Associate,,Software,Massachusetts - Boston,no-sponsorship,86,,Python; Java; Rust; TypeScript; JavaScript; Swift; Kotlin; React,2025-08-20T21:39:30Z,exact,2026-09-28T08:05:06Z,https://jobs.lever.co/veeva/52ba79af-1086-457d-b5d2-8e184f111ffd
lever:veeva:8fe22df0-02b4-453d-919c-c8998cf913f6,Veeva Systems,Associate Software Engineer - 2027 Start Dates,Class of 2027,False,,Junior / Associate,,Software,California - Pleasanton,no-sponsorship,86,,Python; Java; Rust; TypeScript; JavaScript; Swift; Kotlin; React,2025-08-20T21:41:24Z,exact,2026-09-28T08:05:06Z,https://jobs.lever.co/veeva/8fe22df0-02b4-453d-919c-c8998cf913f6
lever:veeva:907dccc7-0052-41e9-920b-28e5ba6aaba9,Veeva Systems,Associate Software Engineer - 2027 Start Dates,Class of 2027,False,,Junior / Associate,,Software,Ohio - Columbus,no-sponsorship,86,,Python; Java; Rust; TypeScript; JavaScript; Swift; Kotlin; React,2025-08-20T21:40:56Z,exact,2026-09-28T08:05:06Z,https://jobs.lever.co/veeva/907dccc7-0052-41e9-920b-28e5ba6aaba9
greenhouse:andurilindustries:4802146007,Anduril,2026 Early Career Software Engineer,Class of 2026,False,,Early Career,,Software,"Atlanta, Georgia, United States; Colorado Springs, Colorado, United States; Costa Mesa, California, United States; Fort Collins, Colorado, United States; Seattle, Washington, United States",unknown,,,Python; Java; C++; Rust; Computer Vision,2025-08-11T13:40:49-04:00,exact,2026-09-28T08:05:06Z,https://boards.greenhouse.io/andurilindustries/jobs/4802146007?gh_jid=4802146007
